N,M,maximum_ci_width,p0,rho,null_replicates,alternative_replicates,false_positive_rate,power
20,50,0.08,0.1,0.01,2000,2000,0.0035,0.968
20,50,0.08,0.1,0.05,2000,2000,0.004,0.97
20,50,0.08,0.1,0.1,2000,2000,0.004,0.9615
20,50,0.08,0.3,0.01,2000,2000,0.0025,0.1465
20,50,0.08,0.3,0.05,2000,2000,0.002,0.2005
20,50,0.08,0.3,0.1,2000,2000,0.003,0.254
20,50,0.08,0.5,0.01,2000,2000,0.0005,0.0505
20,50,0.08,0.5,0.05,2000,2000,0.0005,0.0825
20,50,0.08,0.5,0.1,2000,2000,0.002,0.129
20,50,0.1,0.1,0.01,2000,2000,0.0045,0.981
20,50,0.1,0.1,0.05,2000,2000,0.0025,0.984
20,50,0.1,0.1,0.1,2000,2000,0.005,0.988
20,50,0.1,0.3,0.01,2000,2000,0.0035,0.6585
20,50,0.1,0.3,0.05,2000,2000,0.004,0.7005
20,50,0.1,0.3,0.1,2000,2000,0.0045,0.738
20,50,0.1,0.5,0.01,2000,2000,0.003,0.483
20,50,0.1,0.5,0.05,2000,2000,0.003,0.553
20,50,0.1,0.5,0.1,2000,2000,0.002,0.635
20,50,0.12,0.1,0.01,2000,2000,0.0035,0.9825
20,50,0.12,0.1,0.05,2000,2000,0.0045,0.985
20,50,0.12,0.1,0.1,2000,2000,0.0045,0.983
20,50,0.12,0.3,0.01,2000,2000,0.0055,0.7675
20,50,0.12,0.3,0.05,2000,2000,0.0045,0.7885
20,50,0.12,0.3,0.1,2000,2000,0.0035,0.805
20,50,0.12,0.5,0.01,2000,2000,0.0035,0.682
20,50,0.12,0.5,0.05,2000,2000,0.0045,0.694
20,50,0.12,0.5,0.1,2000,2000,0.0045,0.7495
20,50,0.15,0.1,0.01,2000,2000,0.004,0.985
20,50,0.15,0.1,0.05,2000,2000,0.006,0.9855
20,50,0.15,0.1,0.1,2000,2000,0.0035,0.9875
20,50,0.15,0.3,0.01,2000,2000,0.001,0.7595
20,50,0.15,0.3,0.05,2000,2000,0.0035,0.766
20,50,0.15,0.3,0.1,2000,2000,0.0035,0.8085
20,50,0.15,0.5,0.01,2000,2000,0.003,0.6775
20,50,0.15,0.5,0.05,2000,2000,0.0055,0.7065
20,50,0.15,0.5,0.1,2000,2000,0.0045,0.7485
20,100,0.08,0.1,0.01,2000,2000,0.0025,1.0
20,100,0.08,0.1,0.05,2000,2000,0.005,1.0
20,100,0.08,0.1,0.1,2000,2000,0.0045,1.0
20,100,0.08,0.3,0.01,2000,2000,0.003,0.9675
20,100,0.08,0.3,0.05,2000,2000,0.005,0.9745
20,100,0.08,0.3,0.1,2000,2000,0.0035,0.9815
20,100,0.08,0.5,0.01,2000,2000,0.0055,0.9165
20,100,0.08,0.5,0.05,2000,2000,0.0025,0.9255
20,100,0.08,0.5,0.1,2000,2000,0.003,0.9465
20,100,0.1,0.1,0.01,2000,2000,0.004,0.9995
20,100,0.1,0.1,0.05,2000,2000,0.002,1.0
20,100,0.1,0.1,0.1,2000,2000,0.0025,1.0
20,100,0.1,0.3,0.01,2000,2000,0.006,0.9845
20,100,0.1,0.3,0.05,2000,2000,0.003,0.988
20,100,0.1,0.3,0.1,2000,2000,0.004,0.99
20,100,0.1,0.5,0.01,2000,2000,0.002,0.962
20,100,0.1,0.5,0.05,2000,2000,0.0065,0.974
20,100,0.1,0.5,0.1,2000,2000,0.006,0.9775
20,100,0.12,0.1,0.01,2000,2000,0.0055,1.0
20,100,0.12,0.1,0.05,2000,2000,0.0035,1.0
20,100,0.12,0.1,0.1,2000,2000,0.0025,1.0
20,100,0.12,0.3,0.01,2000,2000,0.002,0.984
20,100,0.12,0.3,0.05,2000,2000,0.003,0.9925
20,100,0.12,0.3,0.1,2000,2000,0.004,0.992
20,100,0.12,0.5,0.01,2000,2000,0.006,0.967
20,100,0.12,0.5,0.05,2000,2000,0.0075,0.969
20,100,0.12,0.5,0.1,2000,2000,0.002,0.9775
20,100,0.15,0.1,0.01,2000,2000,0.0045,1.0
20,100,0.15,0.1,0.05,2000,2000,0.004,1.0
20,100,0.15,0.1,0.1,2000,2000,0.003,0.9995
20,100,0.15,0.3,0.01,2000,2000,0.0035,0.985
20,100,0.15,0.3,0.05,2000,2000,0.0025,0.988
20,100,0.15,0.3,0.1,2000,2000,0.004,0.9905
20,100,0.15,0.5,0.01,2000,2000,0.0045,0.962
20,100,0.15,0.5,0.05,2000,2000,0.0025,0.9775
20,100,0.15,0.5,0.1,2000,2000,0.0055,0.976
20,200,0.08,0.1,0.01,2000,2000,0.003,1.0
20,200,0.08,0.1,0.05,2000,2000,0.004,1.0
20,200,0.08,0.1,0.1,2000,2000,0.0045,1.0
20,200,0.08,0.3,0.01,2000,2000,0.003,1.0
20,200,0.08,0.3,0.05,2000,2000,0.005,1.0
20,200,0.08,0.3,0.1,2000,2000,0.004,1.0
20,200,0.08,0.5,0.01,2000,2000,0.0035,1.0
20,200,0.08,0.5,0.05,2000,2000,0.003,1.0
20,200,0.08,0.5,0.1,2000,2000,0.0015,1.0
20,200,0.1,0.1,0.01,2000,2000,0.0015,1.0
20,200,0.1,0.1,0.05,2000,2000,0.0055,1.0
20,200,0.1,0.1,0.1,2000,2000,0.0035,1.0
20,200,0.1,0.3,0.01,2000,2000,0.0035,1.0
20,200,0.1,0.3,0.05,2000,2000,0.0025,1.0
20,200,0.1,0.3,0.1,2000,2000,0.005,1.0
20,200,0.1,0.5,0.01,2000,2000,0.0055,1.0
20,200,0.1,0.5,0.05,2000,2000,0.004,1.0
20,200,0.1,0.5,0.1,2000,2000,0.003,1.0
20,200,0.12,0.1,0.01,2000,2000,0.0035,1.0
20,200,0.12,0.1,0.05,2000,2000,0.006,1.0
20,200,0.12,0.1,0.1,2000,2000,0.003,1.0
20,200,0.12,0.3,0.01,2000,2000,0.004,1.0
20,200,0.12,0.3,0.05,2000,2000,0.0035,1.0
20,200,0.12,0.3,0.1,2000,2000,0.004,1.0
20,200,0.12,0.5,0.01,2000,2000,0.0055,1.0
20,200,0.12,0.5,0.05,2000,2000,0.0055,1.0
20,200,0.12,0.5,0.1,2000,2000,0.0045,1.0
20,200,0.15,0.1,0.01,2000,2000,0.005,1.0
20,200,0.15,0.1,0.05,2000,2000,0.004,1.0
20,200,0.15,0.1,0.1,2000,2000,0.0075,1.0
20,200,0.15,0.3,0.01,2000,2000,0.004,1.0
20,200,0.15,0.3,0.05,2000,2000,0.0055,0.9995
20,200,0.15,0.3,0.1,2000,2000,0.002,1.0
20,200,0.15,0.5,0.01,2000,2000,0.0075,1.0
20,200,0.15,0.5,0.05,2000,2000,0.0025,0.9995
20,200,0.15,0.5,0.1,2000,2000,0.0055,1.0
25,50,0.08,0.1,0.01,2000,2000,0.0035,0.996
25,50,0.08,0.1,0.05,2000,2000,0.0045,0.997
25,50,0.08,0.1,0.1,2000,2000,0.005,0.9985
25,50,0.08,0.3,0.01,2000,2000,0.005,0.496
25,50,0.08,0.3,0.05,2000,2000,0.002,0.552
25,50,0.08,0.3,0.1,2000,2000,0.0015,0.654
25,50,0.08,0.5,0.01,2000,2000,0.0005,0.284
25,50,0.08,0.5,0.05,2000,2000,0.002,0.34
25,50,0.08,0.5,0.1,2000,2000,0.0015,0.4395
25,50,0.1,0.1,0.01,2000,2000,0.004,0.998
25,50,0.1,0.1,0.05,2000,2000,0.0045,0.997
25,50,0.1,0.1,0.1,2000,2000,0.004,0.9975
25,50,0.1,0.3,0.01,2000,2000,0.0035,0.8515
25,50,0.1,0.3,0.05,2000,2000,0.004,0.867
25,50,0.1,0.3,0.1,2000,2000,0.0015,0.8935
25,50,0.1,0.5,0.01,2000,2000,0.003,0.763
25,50,0.1,0.5,0.05,2000,2000,0.0035,0.8045
25,50,0.1,0.5,0.1,2000,2000,0.0045,0.8305
25,50,0.12,0.1,0.01,2000,2000,0.0035,0.9955
25,50,0.12,0.1,0.05,2000,2000,0.002,0.997
25,50,0.12,0.1,0.1,2000,2000,0.004,0.998
25,50,0.12,0.3,0.01,2000,2000,0.0035,0.867
25,50,0.12,0.3,0.05,2000,2000,0.005,0.8765
25,50,0.12,0.3,0.1,2000,2000,0.0045,0.905
25,50,0.12,0.5,0.01,2000,2000,0.0065,0.8105
25,50,0.12,0.5,0.05,2000,2000,0.005,0.8285
25,50,0.12,0.5,0.1,2000,2000,0.004,0.8565
25,50,0.15,0.1,0.01,2000,2000,0.006,0.997
25,50,0.15,0.1,0.05,2000,2000,0.003,0.997
25,50,0.15,0.1,0.1,2000,2000,0.0035,0.9975
25,50,0.15,0.3,0.01,2000,2000,0.0045,0.855
25,50,0.15,0.3,0.05,2000,2000,0.002,0.876
25,50,0.15,0.3,0.1,2000,2000,0.0015,0.8925
25,50,0.15,0.5,0.01,2000,2000,0.0025,0.796
25,50,0.15,0.5,0.05,2000,2000,0.005,0.8245
25,50,0.15,0.5,0.1,2000,2000,0.005,0.8635
25,100,0.08,0.1,0.01,2000,2000,0.004,1.0
25,100,0.08,0.1,0.05,2000,2000,0.003,1.0
25,100,0.08,0.1,0.1,2000,2000,0.0055,1.0
25,100,0.08,0.3,0.01,2000,2000,0.002,0.9985
25,100,0.08,0.3,0.05,2000,2000,0.0035,0.9995
25,100,0.08,0.3,0.1,2000,2000,0.0035,0.9985
25,100,0.08,0.5,0.01,2000,2000,0.0025,0.9865
25,100,0.08,0.5,0.05,2000,2000,0.0025,0.994
25,100,0.08,0.5,0.1,2000,2000,0.0015,0.997
25,100,0.1,0.1,0.01,2000,2000,0.0005,1.0
25,100,0.1,0.1,0.05,2000,2000,0.0035,1.0
25,100,0.1,0.1,0.1,2000,2000,0.003,1.0
25,100,0.1,0.3,0.01,2000,2000,0.003,0.998
25,100,0.1,0.3,0.05,2000,2000,0.0045,0.999
25,100,0.1,0.3,0.1,2000,2000,0.0035,0.998
25,100,0.1,0.5,0.01,2000,2000,0.002,0.992
25,100,0.1,0.5,0.05,2000,2000,0.002,0.991
25,100,0.1,0.5,0.1,2000,2000,0.007,0.994
25,100,0.12,0.1,0.01,2000,2000,0.004,1.0
25,100,0.12,0.1,0.05,2000,2000,0.0065,1.0
25,100,0.12,0.1,0.1,2000,2000,0.0025,1.0
25,100,0.12,0.3,0.01,2000,2000,0.0025,0.996
25,100,0.12,0.3,0.05,2000,2000,0.004,0.998
25,100,0.12,0.3,0.1,2000,2000,0.0035,0.9965
25,100,0.12,0.5,0.01,2000,2000,0.003,0.99
25,100,0.12,0.5,0.05,2000,2000,0.002,0.9925
25,100,0.12,0.5,0.1,2000,2000,0.003,0.9965
25,100,0.15,0.1,0.01,2000,2000,0.0025,1.0
25,100,0.15,0.1,0.05,2000,2000,0.004,1.0
25,100,0.15,0.1,0.1,2000,2000,0.0025,1.0
25,100,0.15,0.3,0.01,2000,2000,0.0045,0.995
25,100,0.15,0.3,0.05,2000,2000,0.0025,0.9975
25,100,0.15,0.3,0.1,2000,2000,0.0065,0.9975
25,100,0.15,0.5,0.01,2000,2000,0.003,0.992
25,100,0.15,0.5,0.05,2000,2000,0.0035,0.9955
25,100,0.15,0.5,0.1,2000,2000,0.0045,0.995
25,200,0.08,0.1,0.01,2000,2000,0.0045,1.0
25,200,0.08,0.1,0.05,2000,2000,0.005,1.0
25,200,0.08,0.1,0.1,2000,2000,0.005,1.0
25,200,0.08,0.3,0.01,2000,2000,0.0025,1.0
25,200,0.08,0.3,0.05,2000,2000,0.006,1.0
25,200,0.08,0.3,0.1,2000,2000,0.0035,1.0
25,200,0.08,0.5,0.01,2000,2000,0.003,0.9995
25,200,0.08,0.5,0.05,2000,2000,0.0025,1.0
25,200,0.08,0.5,0.1,2000,2000,0.0035,1.0
25,200,0.1,0.1,0.01,2000,2000,0.0035,1.0
25,200,0.1,0.1,0.05,2000,2000,0.005,1.0
25,200,0.1,0.1,0.1,2000,2000,0.006,1.0
25,200,0.1,0.3,0.01,2000,2000,0.003,1.0
25,200,0.1,0.3,0.05,2000,2000,0.004,1.0
25,200,0.1,0.3,0.1,2000,2000,0.006,1.0
25,200,0.1,0.5,0.01,2000,2000,0.0015,1.0
25,200,0.1,0.5,0.05,2000,2000,0.0055,1.0
25,200,0.1,0.5,0.1,2000,2000,0.0045,1.0
25,200,0.12,0.1,0.01,2000,2000,0.003,1.0
25,200,0.12,0.1,0.05,2000,2000,0.0055,1.0
25,200,0.12,0.1,0.1,2000,2000,0.001,1.0
25,200,0.12,0.3,0.01,2000,2000,0.004,1.0
25,200,0.12,0.3,0.05,2000,2000,0.003,1.0
25,200,0.12,0.3,0.1,2000,2000,0.004,1.0
25,200,0.12,0.5,0.01,2000,2000,0.003,1.0
25,200,0.12,0.5,0.05,2000,2000,0.0015,1.0
25,200,0.12,0.5,0.1,2000,2000,0.003,1.0
25,200,0.15,0.1,0.01,2000,2000,0.002,1.0
25,200,0.15,0.1,0.05,2000,2000,0.0025,1.0
25,200,0.15,0.1,0.1,2000,2000,0.002,1.0
25,200,0.15,0.3,0.01,2000,2000,0.003,1.0
25,200,0.15,0.3,0.05,2000,2000,0.003,1.0
25,200,0.15,0.3,0.1,2000,2000,0.0035,1.0
25,200,0.15,0.5,0.01,2000,2000,0.0035,1.0
25,200,0.15,0.5,0.05,2000,2000,0.002,1.0
25,200,0.15,0.5,0.1,2000,2000,0.0045,1.0
30,50,0.08,0.1,0.01,2000,2000,0.003,1.0
30,50,0.08,0.1,0.05,2000,2000,0.0045,0.9995
30,50,0.08,0.1,0.1,2000,2000,0.002,0.9995
30,50,0.08,0.3,0.01,2000,2000,0.0,0.817
30,50,0.08,0.3,0.05,2000,2000,0.002,0.8565
30,50,0.08,0.3,0.1,2000,2000,0.0035,0.89
30,50,0.08,0.5,0.01,2000,2000,0.003,0.6155
30,50,0.08,0.5,0.05,2000,2000,0.003,0.6945
30,50,0.08,0.5,0.1,2000,2000,0.002,0.7635
30,50,0.1,0.1,0.01,2000,2000,0.005,0.9995
30,50,0.1,0.1,0.05,2000,2000,0.0025,0.9995
30,50,0.1,0.1,0.1,2000,2000,0.0025,0.9995
30,50,0.1,0.3,0.01,2000,2000,0.003,0.928
30,50,0.1,0.3,0.05,2000,2000,0.004,0.937
30,50,0.1,0.3,0.1,2000,2000,0.0025,0.946
30,50,0.1,0.5,0.01,2000,2000,0.0025,0.8725
30,50,0.1,0.5,0.05,2000,2000,0.0025,0.9035
30,50,0.1,0.5,0.1,2000,2000,0.0015,0.9175
30,50,0.12,0.1,0.01,2000,2000,0.002,0.999
30,50,0.12,0.1,0.05,2000,2000,0.0045,0.9995
30,50,0.12,0.1,0.1,2000,2000,0.0025,1.0
30,50,0.12,0.3,0.01,2000,2000,0.0025,0.9285
30,50,0.12,0.3,0.05,2000,2000,0.005,0.9385
30,50,0.12,0.3,0.1,2000,2000,0.0045,0.955
30,50,0.12,0.5,0.01,2000,2000,0.003,0.886
30,50,0.12,0.5,0.05,2000,2000,0.0035,0.905
30,50,0.12,0.5,0.1,2000,2000,0.004,0.9125
30,50,0.15,0.1,0.01,2000,2000,0.0035,0.999
30,50,0.15,0.1,0.05,2000,2000,0.003,0.9995
30,50,0.15,0.1,0.1,2000,2000,0.004,1.0
30,50,0.15,0.3,0.01,2000,2000,0.005,0.9385
30,50,0.15,0.3,0.05,2000,2000,0.0025,0.945
30,50,0.15,0.3,0.1,2000,2000,0.0035,0.956
30,50,0.15,0.5,0.01,2000,2000,0.0035,0.8915
30,50,0.15,0.5,0.05,2000,2000,0.003,0.885
30,50,0.15,0.5,0.1,2000,2000,0.003,0.9105
30,100,0.08,0.1,0.01,2000,2000,0.0025,1.0
30,100,0.08,0.1,0.05,2000,2000,0.0035,1.0
30,100,0.08,0.1,0.1,2000,2000,0.001,1.0
30,100,0.08,0.3,0.01,2000,2000,0.0035,0.999
30,100,0.08,0.3,0.05,2000,2000,0.0025,0.9995
30,100,0.08,0.3,0.1,2000,2000,0.0035,1.0
30,100,0.08,0.5,0.01,2000,2000,0.0025,0.9975
30,100,0.08,0.5,0.05,2000,2000,0.003,1.0
30,100,0.08,0.5,0.1,2000,2000,0.0025,0.999
30,100,0.1,0.1,0.01,2000,2000,0.0055,1.0
30,100,0.1,0.1,0.05,2000,2000,0.0015,1.0
30,100,0.1,0.1,0.1,2000,2000,0.0035,1.0
30,100,0.1,0.3,0.01,2000,2000,0.003,0.9995
30,100,0.1,0.3,0.05,2000,2000,0.001,0.9995
30,100,0.1,0.3,0.1,2000,2000,0.0015,1.0
30,100,0.1,0.5,0.01,2000,2000,0.004,0.9975
30,100,0.1,0.5,0.05,2000,2000,0.0055,0.998
30,100,0.1,0.5,0.1,2000,2000,0.0025,0.9995
30,100,0.12,0.1,0.01,2000,2000,0.0025,1.0
30,100,0.12,0.1,0.05,2000,2000,0.004,1.0
30,100,0.12,0.1,0.1,2000,2000,0.003,1.0
30,100,0.12,0.3,0.01,2000,2000,0.003,0.999
30,100,0.12,0.3,0.05,2000,2000,0.005,1.0
30,100,0.12,0.3,0.1,2000,2000,0.003,0.9995
30,100,0.12,0.5,0.01,2000,2000,0.0045,0.998
30,100,0.12,0.5,0.05,2000,2000,0.002,0.999
30,100,0.12,0.5,0.1,2000,2000,0.0025,0.998
30,100,0.15,0.1,0.01,2000,2000,0.001,1.0
30,100,0.15,0.1,0.05,2000,2000,0.005,1.0
30,100,0.15,0.1,0.1,2000,2000,0.003,1.0
30,100,0.15,0.3,0.01,2000,2000,0.003,1.0
30,100,0.15,0.3,0.05,2000,2000,0.002,0.9995
30,100,0.15,0.3,0.1,2000,2000,0.003,1.0
30,100,0.15,0.5,0.01,2000,2000,0.0015,0.998
30,100,0.15,0.5,0.05,2000,2000,0.0015,0.9995
30,100,0.15,0.5,0.1,2000,2000,0.002,0.9995
30,200,0.08,0.1,0.01,2000,2000,0.003,1.0
30,200,0.08,0.1,0.05,2000,2000,0.0025,1.0
30,200,0.08,0.1,0.1,2000,2000,0.003,1.0
30,200,0.08,0.3,0.01,2000,2000,0.0015,1.0
30,200,0.08,0.3,0.05,2000,2000,0.002,1.0
30,200,0.08,0.3,0.1,2000,2000,0.0015,1.0
30,200,0.08,0.5,0.01,2000,2000,0.004,1.0
30,200,0.08,0.5,0.05,2000,2000,0.003,1.0
30,200,0.08,0.5,0.1,2000,2000,0.002,1.0
30,200,0.1,0.1,0.01,2000,2000,0.003,1.0
30,200,0.1,0.1,0.05,2000,2000,0.004,1.0
30,200,0.1,0.1,0.1,2000,2000,0.0005,1.0
30,200,0.1,0.3,0.01,2000,2000,0.0035,1.0
30,200,0.1,0.3,0.05,2000,2000,0.0015,1.0
30,200,0.1,0.3,0.1,2000,2000,0.004,1.0
30,200,0.1,0.5,0.01,2000,2000,0.0025,1.0
30,200,0.1,0.5,0.05,2000,2000,0.003,1.0
30,200,0.1,0.5,0.1,2000,2000,0.0015,1.0
30,200,0.12,0.1,0.01,2000,2000,0.002,1.0
30,200,0.12,0.1,0.05,2000,2000,0.0035,1.0
30,200,0.12,0.1,0.1,2000,2000,0.004,1.0
30,200,0.12,0.3,0.01,2000,2000,0.002,1.0
30,200,0.12,0.3,0.05,2000,2000,0.004,1.0
30,200,0.12,0.3,0.1,2000,2000,0.0035,1.0
30,200,0.12,0.5,0.01,2000,2000,0.0045,1.0
30,200,0.12,0.5,0.05,2000,2000,0.002,1.0
30,200,0.12,0.5,0.1,2000,2000,0.002,1.0
30,200,0.15,0.1,0.01,2000,2000,0.0045,1.0
30,200,0.15,0.1,0.05,2000,2000,0.004,1.0
30,200,0.15,0.1,0.1,2000,2000,0.006,1.0
30,200,0.15,0.3,0.01,2000,2000,0.003,1.0
30,200,0.15,0.3,0.05,2000,2000,0.001,1.0
30,200,0.15,0.3,0.1,2000,2000,0.0025,1.0
30,200,0.15,0.5,0.01,2000,2000,0.0015,1.0
30,200,0.15,0.5,0.05,2000,2000,0.0035,1.0
30,200,0.15,0.5,0.1,2000,2000,0.003,1.0
35,50,0.08,0.1,0.01,2000,2000,0.002,1.0
35,50,0.08,0.1,0.05,2000,2000,0.006,1.0
35,50,0.08,0.1,0.1,2000,2000,0.004,1.0
35,50,0.08,0.3,0.01,2000,2000,0.0015,0.943
35,50,0.08,0.3,0.05,2000,2000,0.003,0.9545
35,50,0.08,0.3,0.1,2000,2000,0.0025,0.9725
35,50,0.08,0.5,0.01,2000,2000,0.0025,0.8525
35,50,0.08,0.5,0.05,2000,2000,0.002,0.9
35,50,0.08,0.5,0.1,2000,2000,0.002,0.931
35,50,0.1,0.1,0.01,2000,2000,0.0025,0.9995
35,50,0.1,0.1,0.05,2000,2000,0.0025,0.9995
35,50,0.1,0.1,0.1,2000,2000,0.0025,1.0
35,50,0.1,0.3,0.01,2000,2000,0.0035,0.9695
35,50,0.1,0.3,0.05,2000,2000,0.001,0.9695
35,50,0.1,0.3,0.1,2000,2000,0.0015,0.981
35,50,0.1,0.5,0.01,2000,2000,0.0025,0.948
35,50,0.1,0.5,0.05,2000,2000,0.003,0.949
35,50,0.1,0.5,0.1,2000,2000,0.0005,0.965
35,50,0.12,0.1,0.01,2000,2000,0.003,1.0
35,50,0.12,0.1,0.05,2000,2000,0.004,1.0
35,50,0.12,0.1,0.1,2000,2000,0.0015,1.0
35,50,0.12,0.3,0.01,2000,2000,0.0025,0.961
35,50,0.12,0.3,0.05,2000,2000,0.005,0.971
35,50,0.12,0.3,0.1,2000,2000,0.0025,0.975
35,50,0.12,0.5,0.01,2000,2000,0.0015,0.942
35,50,0.12,0.5,0.05,2000,2000,0.002,0.9495
35,50,0.12,0.5,0.1,2000,2000,0.002,0.9555
35,50,0.15,0.1,0.01,2000,2000,0.003,0.999
35,50,0.15,0.1,0.05,2000,2000,0.0025,1.0
35,50,0.15,0.1,0.1,2000,2000,0.0015,1.0
35,50,0.15,0.3,0.01,2000,2000,0.002,0.9635
35,50,0.15,0.3,0.05,2000,2000,0.0015,0.971
35,50,0.15,0.3,0.1,2000,2000,0.004,0.9755
35,50,0.15,0.5,0.01,2000,2000,0.004,0.922
35,50,0.15,0.5,0.05,2000,2000,0.0025,0.943
35,50,0.15,0.5,0.1,2000,2000,0.0035,0.9635
35,100,0.08,0.1,0.01,2000,2000,0.0035,1.0
35,100,0.08,0.1,0.05,2000,2000,0.005,1.0
35,100,0.08,0.1,0.1,2000,2000,0.0025,1.0
35,100,0.08,0.3,0.01,2000,2000,0.006,1.0
35,100,0.08,0.3,0.05,2000,2000,0.0035,1.0
35,100,0.08,0.3,0.1,2000,2000,0.003,1.0
35,100,0.08,0.5,0.01,2000,2000,0.0015,1.0
35,100,0.08,0.5,0.05,2000,2000,0.003,1.0
35,100,0.08,0.5,0.1,2000,2000,0.001,1.0
35,100,0.1,0.1,0.01,2000,2000,0.002,1.0
35,100,0.1,0.1,0.05,2000,2000,0.0035,1.0
35,100,0.1,0.1,0.1,2000,2000,0.001,1.0
35,100,0.1,0.3,0.01,2000,2000,0.003,1.0
35,100,0.1,0.3,0.05,2000,2000,0.0015,1.0
35,100,0.1,0.3,0.1,2000,2000,0.0025,1.0
35,100,0.1,0.5,0.01,2000,2000,0.0025,0.9995
35,100,0.1,0.5,0.05,2000,2000,0.001,1.0
35,100,0.1,0.5,0.1,2000,2000,0.0035,0.999
35,100,0.12,0.1,0.01,2000,2000,0.0035,1.0
35,100,0.12,0.1,0.05,2000,2000,0.0035,1.0
35,100,0.12,0.1,0.1,2000,2000,0.0025,1.0
35,100,0.12,0.3,0.01,2000,2000,0.0035,1.0
35,100,0.12,0.3,0.05,2000,2000,0.001,0.9995
35,100,0.12,0.3,0.1,2000,2000,0.0035,1.0
35,100,0.12,0.5,0.01,2000,2000,0.001,0.9985
35,100,0.12,0.5,0.05,2000,2000,0.004,1.0
35,100,0.12,0.5,0.1,2000,2000,0.003,0.9995
35,100,0.15,0.1,0.01,2000,2000,0.0015,1.0
35,100,0.15,0.1,0.05,2000,2000,0.0025,1.0
35,100,0.15,0.1,0.1,2000,2000,0.003,1.0
35,100,0.15,0.3,0.01,2000,2000,0.003,1.0
35,100,0.15,0.3,0.05,2000,2000,0.0035,1.0
35,100,0.15,0.3,0.1,2000,2000,0.003,1.0
35,100,0.15,0.5,0.01,2000,2000,0.0045,1.0
35,100,0.15,0.5,0.05,2000,2000,0.003,1.0
35,100,0.15,0.5,0.1,2000,2000,0.0035,1.0
35,200,0.08,0.1,0.01,2000,2000,0.0015,1.0
35,200,0.08,0.1,0.05,2000,2000,0.002,1.0
35,200,0.08,0.1,0.1,2000,2000,0.0025,1.0
35,200,0.08,0.3,0.01,2000,2000,0.0015,1.0
35,200,0.08,0.3,0.05,2000,2000,0.002,1.0
35,200,0.08,0.3,0.1,2000,2000,0.004,1.0
35,200,0.08,0.5,0.01,2000,2000,0.002,1.0
35,200,0.08,0.5,0.05,2000,2000,0.0015,1.0
35,200,0.08,0.5,0.1,2000,2000,0.004,1.0
35,200,0.1,0.1,0.01,2000,2000,0.001,1.0
35,200,0.1,0.1,0.05,2000,2000,0.0025,1.0
35,200,0.1,0.1,0.1,2000,2000,0.0005,1.0
35,200,0.1,0.3,0.01,2000,2000,0.001,1.0
35,200,0.1,0.3,0.05,2000,2000,0.005,1.0
35,200,0.1,0.3,0.1,2000,2000,0.0015,1.0
35,200,0.1,0.5,0.01,2000,2000,0.0035,1.0
35,200,0.1,0.5,0.05,2000,2000,0.0035,1.0
35,200,0.1,0.5,0.1,2000,2000,0.0045,1.0
35,200,0.12,0.1,0.01,2000,2000,0.0025,1.0
35,200,0.12,0.1,0.05,2000,2000,0.0015,1.0
35,200,0.12,0.1,0.1,2000,2000,0.003,1.0
35,200,0.12,0.3,0.01,2000,2000,0.0025,1.0
35,200,0.12,0.3,0.05,2000,2000,0.004,1.0
35,200,0.12,0.3,0.1,2000,2000,0.002,1.0
35,200,0.12,0.5,0.01,2000,2000,0.002,1.0
35,200,0.12,0.5,0.05,2000,2000,0.0065,1.0
35,200,0.12,0.5,0.1,2000,2000,0.003,1.0
35,200,0.15,0.1,0.01,2000,2000,0.0035,1.0
35,200,0.15,0.1,0.05,2000,2000,0.0045,1.0
35,200,0.15,0.1,0.1,2000,2000,0.0025,1.0
35,200,0.15,0.3,0.01,2000,2000,0.003,1.0
35,200,0.15,0.3,0.05,2000,2000,0.002,1.0
35,200,0.15,0.3,0.1,2000,2000,0.0025,1.0
35,200,0.15,0.5,0.01,2000,2000,0.003,1.0
35,200,0.15,0.5,0.05,2000,2000,0.002,1.0
35,200,0.15,0.5,0.1,2000,2000,0.0045,1.0
40,50,0.08,0.1,0.01,2000,2000,0.0015,1.0
40,50,0.08,0.1,0.05,2000,2000,0.0025,1.0
40,50,0.08,0.1,0.1,2000,2000,0.0035,1.0
40,50,0.08,0.3,0.01,2000,2000,0.0035,0.983
40,50,0.08,0.3,0.05,2000,2000,0.0055,0.9825
40,50,0.08,0.3,0.1,2000,2000,0.001,0.988
40,50,0.08,0.5,0.01,2000,2000,0.002,0.9515
40,50,0.08,0.5,0.05,2000,2000,0.002,0.973
40,50,0.08,0.5,0.1,2000,2000,0.005,0.9765
40,50,0.1,0.1,0.01,2000,2000,0.003,0.9995
40,50,0.1,0.1,0.05,2000,2000,0.003,1.0
40,50,0.1,0.1,0.1,2000,2000,0.0025,1.0
40,50,0.1,0.3,0.01,2000,2000,0.0065,0.9825
40,50,0.1,0.3,0.05,2000,2000,0.001,0.9795
40,50,0.1,0.3,0.1,2000,2000,0.0015,0.987
40,50,0.1,0.5,0.01,2000,2000,0.002,0.959
40,50,0.1,0.5,0.05,2000,2000,0.002,0.969
40,50,0.1,0.5,0.1,2000,2000,0.003,0.9815
40,50,0.12,0.1,0.01,2000,2000,0.004,1.0
40,50,0.12,0.1,0.05,2000,2000,0.003,1.0
40,50,0.12,0.1,0.1,2000,2000,0.005,1.0
40,50,0.12,0.3,0.01,2000,2000,0.0025,0.982
40,50,0.12,0.3,0.05,2000,2000,0.0025,0.9855
40,50,0.12,0.3,0.1,2000,2000,0.003,0.991
40,50,0.12,0.5,0.01,2000,2000,0.002,0.9615
40,50,0.12,0.5,0.05,2000,2000,0.002,0.9675
40,50,0.12,0.5,0.1,2000,2000,0.0015,0.9845
40,50,0.15,0.1,0.01,2000,2000,0.0035,1.0
40,50,0.15,0.1,0.05,2000,2000,0.0025,1.0
40,50,0.15,0.1,0.1,2000,2000,0.004,1.0
40,50,0.15,0.3,0.01,2000,2000,0.0025,0.98
40,50,0.15,0.3,0.05,2000,2000,0.003,0.9855
40,50,0.15,0.3,0.1,2000,2000,0.003,0.9885
40,50,0.15,0.5,0.01,2000,2000,0.0025,0.9655
40,50,0.15,0.5,0.05,2000,2000,0.003,0.9665
40,50,0.15,0.5,0.1,2000,2000,0.002,0.9815
40,100,0.08,0.1,0.01,2000,2000,0.001,1.0
40,100,0.08,0.1,0.05,2000,2000,0.0015,1.0
40,100,0.08,0.1,0.1,2000,2000,0.002,1.0
40,100,0.08,0.3,0.01,2000,2000,0.0035,1.0
40,100,0.08,0.3,0.05,2000,2000,0.003,1.0
40,100,0.08,0.3,0.1,2000,2000,0.0025,1.0
40,100,0.08,0.5,0.01,2000,2000,0.004,1.0
40,100,0.08,0.5,0.05,2000,2000,0.003,1.0
40,100,0.08,0.5,0.1,2000,2000,0.0025,1.0
40,100,0.1,0.1,0.01,2000,2000,0.003,1.0
40,100,0.1,0.1,0.05,2000,2000,0.003,1.0
40,100,0.1,0.1,0.1,2000,2000,0.0025,1.0
40,100,0.1,0.3,0.01,2000,2000,0.0025,1.0
40,100,0.1,0.3,0.05,2000,2000,0.002,1.0
40,100,0.1,0.3,0.1,2000,2000,0.0025,1.0
40,100,0.1,0.5,0.01,2000,2000,0.003,1.0
40,100,0.1,0.5,0.05,2000,2000,0.003,0.9995
40,100,0.1,0.5,0.1,2000,2000,0.004,1.0
40,100,0.12,0.1,0.01,2000,2000,0.0035,1.0
40,100,0.12,0.1,0.05,2000,2000,0.0045,1.0
40,100,0.12,0.1,0.1,2000,2000,0.004,1.0
40,100,0.12,0.3,0.01,2000,2000,0.0015,1.0
40,100,0.12,0.3,0.05,2000,2000,0.002,1.0
40,100,0.12,0.3,0.1,2000,2000,0.001,1.0
40,100,0.12,0.5,0.01,2000,2000,0.0015,1.0
40,100,0.12,0.5,0.05,2000,2000,0.003,1.0
40,100,0.12,0.5,0.1,2000,2000,0.0035,1.0
40,100,0.15,0.1,0.01,2000,2000,0.003,1.0
40,100,0.15,0.1,0.05,2000,2000,0.006,1.0
40,100,0.15,0.1,0.1,2000,2000,0.0025,1.0
40,100,0.15,0.3,0.01,2000,2000,0.003,1.0
40,100,0.15,0.3,0.05,2000,2000,0.0025,1.0
40,100,0.15,0.3,0.1,2000,2000,0.0035,1.0
40,100,0.15,0.5,0.01,2000,2000,0.0025,1.0
40,100,0.15,0.5,0.05,2000,2000,0.0045,1.0
40,100,0.15,0.5,0.1,2000,2000,0.0025,1.0
40,200,0.08,0.1,0.01,2000,2000,0.002,1.0
40,200,0.08,0.1,0.05,2000,2000,0.004,1.0
40,200,0.08,0.1,0.1,2000,2000,0.0035,1.0
40,200,0.08,0.3,0.01,2000,2000,0.002,1.0
40,200,0.08,0.3,0.05,2000,2000,0.004,1.0
40,200,0.08,0.3,0.1,2000,2000,0.005,1.0
40,200,0.08,0.5,0.01,2000,2000,0.003,1.0
40,200,0.08,0.5,0.05,2000,2000,0.0035,1.0
40,200,0.08,0.5,0.1,2000,2000,0.003,1.0
40,200,0.1,0.1,0.01,2000,2000,0.0015,1.0
40,200,0.1,0.1,0.05,2000,2000,0.001,1.0
40,200,0.1,0.1,0.1,2000,2000,0.004,1.0
40,200,0.1,0.3,0.01,2000,2000,0.003,1.0
40,200,0.1,0.3,0.05,2000,2000,0.002,1.0
40,200,0.1,0.3,0.1,2000,2000,0.004,1.0
40,200,0.1,0.5,0.01,2000,2000,0.0035,1.0
40,200,0.1,0.5,0.05,2000,2000,0.0025,1.0
40,200,0.1,0.5,0.1,2000,2000,0.004,1.0
40,200,0.12,0.1,0.01,2000,2000,0.0035,1.0
40,200,0.12,0.1,0.05,2000,2000,0.0025,1.0
40,200,0.12,0.1,0.1,2000,2000,0.003,1.0
40,200,0.12,0.3,0.01,2000,2000,0.0035,1.0
40,200,0.12,0.3,0.05,2000,2000,0.0005,1.0
40,200,0.12,0.3,0.1,2000,2000,0.0025,1.0
40,200,0.12,0.5,0.01,2000,2000,0.0035,1.0
40,200,0.12,0.5,0.05,2000,2000,0.003,1.0
40,200,0.12,0.5,0.1,2000,2000,0.004,1.0
40,200,0.15,0.1,0.01,2000,2000,0.0025,1.0
40,200,0.15,0.1,0.05,2000,2000,0.0035,1.0
40,200,0.15,0.1,0.1,2000,2000,0.0025,1.0
40,200,0.15,0.3,0.01,2000,2000,0.0005,1.0
40,200,0.15,0.3,0.05,2000,2000,0.004,1.0
40,200,0.15,0.3,0.1,2000,2000,0.002,1.0
40,200,0.15,0.5,0.01,2000,2000,0.002,1.0
40,200,0.15,0.5,0.05,2000,2000,0.002,1.0
40,200,0.15,0.5,0.1,2000,2000,0.002,1.0
