chunk,pair_id,role,volume_name,sha256,size_bytes,session_id,downloaded_utc
chunk_15,p351,softer,valid_867_a_2.nii.gz,bb2592feb9d9efde6ea2c7f1445e018accfdee3a5539edd73815c190b6822e4b,110316671,20260815T231124Z-8e185556,2026-08-16T01:10:26Z
chunk_15,p351,sharper,valid_867_a_1.nii.gz,0c57df296367ffb7651fafe9d668a9df9c099e43bb39896b0e0f81cd56285a55,127673151,20260815T231124Z-8e185556,2026-08-16T01:10:30Z
chunk_15,p352,softer,valid_870_a_2.nii.gz,25eefbc37c107d61f227df42977e46f5f1e4e6ca401ec9dd9de6cb0b7298f706,139201539,20260815T231124Z-8e185556,2026-08-16T01:10:34Z
chunk_15,p352,sharper,valid_870_a_1.nii.gz,659ee209f5789d6935a5fb7e9d15133e08b02d88e7d1fc2e9a24305c2d5f0d3d,161557939,20260815T231124Z-8e185556,2026-08-16T01:10:37Z
chunk_15,p353,softer,valid_887_a_2.nii.gz,554535b2d91d992d66d17c3b982472eb8f729ce8e569d27ab26fa84da2c13172,132555270,20260815T231124Z-8e185556,2026-08-16T01:10:41Z
chunk_15,p353,sharper,valid_887_a_1.nii.gz,46e57f9663c6778e35ab048d61037dc8afa62a62a55defd2a886c08201c0ac1d,152553726,20260815T231124Z-8e185556,2026-08-16T01:10:45Z
chunk_15,p354,softer,valid_890_a_2.nii.gz,528cfbf64db2108915339b52d687d55c7dd9c53fb61dd897de709e99842266c4,127810319,20260815T231124Z-8e185556,2026-08-16T01:10:50Z
chunk_15,p354,sharper,valid_890_a_1.nii.gz,9a87876c336a1b6c9e0ec3b34cf7e5def4d4c427a41648f36d35a86ed3555222,149887736,20260815T231124Z-8e185556,2026-08-16T01:10:54Z
chunk_15,p355,softer,valid_900_a_2.nii.gz,c82d474f407a23813f8975cd0937df00ac23cc6eb7459d0b466e00077463719d,113687102,20260815T231124Z-8e185556,2026-08-16T01:10:57Z
chunk_15,p355,sharper,valid_900_a_1.nii.gz,296d8eb720433c30c63a755dc4586abd027f742c02865b73fd5b197dd6d3517f,130309148,20260815T231124Z-8e185556,2026-08-16T01:11:02Z
chunk_15,p356,softer,valid_90_a_2.nii.gz,9cb5578a9a06785ee0dc493021174762785332fc2fc3bd88eee1bb3675c1e991,104709550,20260815T231124Z-8e185556,2026-08-16T01:11:04Z
chunk_15,p356,sharper,valid_90_a_1.nii.gz,00941c04e6d221fc3e5800df7baaac6af7d7cd39ac008562114874bd2468b58e,121180490,20260815T231124Z-8e185556,2026-08-16T01:11:07Z
chunk_15,p357,softer,valid_90_c_2.nii.gz,a1cb59bc08c75c7fbbda3cd9827b3ead81c5851bd56b0b2b620211b56c81e359,111929468,20260815T231124Z-8e185556,2026-08-16T01:11:10Z
chunk_15,p357,sharper,valid_90_c_1.nii.gz,6ffd46a2609a359fd51085c66769979434a81ed05d54232457db5198b3d90ab0,130275443,20260815T231124Z-8e185556,2026-08-16T01:11:13Z
chunk_15,p358,softer,valid_921_a_2.nii.gz,fbb20cf62dde60118721212312d30b1dee86623cd4f7f9a1387d719a4b705755,100604885,20260815T231124Z-8e185556,2026-08-16T01:11:15Z
chunk_15,p358,sharper,valid_921_a_1.nii.gz,e55ad487cbcc8f8b16abe83550f6d0620065cb5603d0364a08d813c552697e4f,116755068,20260815T231124Z-8e185556,2026-08-16T01:11:18Z
chunk_15,p359,softer,valid_922_a_2.nii.gz,03a2ab0e76767639f7b9add6424cccb2af099ed2040ca9a85f4682a0ed927ee3,127661054,20260815T231124Z-8e185556,2026-08-16T01:11:22Z
chunk_15,p359,sharper,valid_922_a_1.nii.gz,e05ea48aa0bd51e5e5d055444ccbe1cb8c108a066ef2f2d4c034fb32299ae929,146409492,20260815T231124Z-8e185556,2026-08-16T01:11:25Z
chunk_15,p360,softer,valid_941_a_2.nii.gz,92b53dbaf901fa1f8cbfd41705b7276222d42e9c27ba27d59a2e89f778f2341b,117192284,20260815T231124Z-8e185556,2026-08-16T01:11:28Z
chunk_15,p360,sharper,valid_941_a_1.nii.gz,a5ee370d7d78d1ccfabf17c9086d0b54e1ce6f8ab4e6455fb5086ddd244fe188,137693606,20260815T231124Z-8e185556,2026-08-16T01:11:32Z
chunk_15,p361,softer,valid_949_a_2.nii.gz,59266bfc11abe07c24537e6b8dffcba0e72bf634d7ebf1265e434aaf6b5ef2b9,119709120,20260815T231124Z-8e185556,2026-08-16T01:11:34Z
chunk_15,p361,sharper,valid_949_a_1.nii.gz,b59251028429bb8785d993dd7a27a80c58ee496e4257810ea0ef809c9c9189e2,140295808,20260815T231124Z-8e185556,2026-08-16T01:11:40Z
chunk_15,p362,softer,valid_968_d_2.nii.gz,2d6a4c5b777afeec6aaa702915852919de9b74624be4261e4db7a54f344dc2ab,123282390,20260815T231124Z-8e185556,2026-08-16T01:11:43Z
chunk_15,p362,sharper,valid_968_d_1.nii.gz,1ca19182321774dccfacaf3350bbb2a088536657608e14df642e3dfe74ffa030,143588478,20260815T231124Z-8e185556,2026-08-16T01:11:46Z
chunk_15,p363,softer,valid_982_a_2.nii.gz,71ffc0e1332a1d1d9cd3e8326187e6ae5fbf90e966aa2aa7d8d320ac7b53fed2,126797629,20260815T231124Z-8e185556,2026-08-16T01:11:49Z
chunk_15,p363,sharper,valid_982_a_1.nii.gz,6f62511427a0280b34c513eeedc20363c8d3266121ac82a0dbcec35924845774,145669994,20260815T231124Z-8e185556,2026-08-16T01:11:52Z
chunk_15,p364,softer,valid_1006_b_2.nii.gz,3291b0d875e3045c2ad1aac6a9477dd3de0182ad442990053b10e28fbc909ab7,94713370,20260815T231124Z-8e185556,2026-08-16T01:11:56Z
chunk_15,p364,sharper,valid_1006_b_1.nii.gz,dc43990362e595ffa29de8986bc932482f3a053db9870025f372286afca9d744,110437915,20260815T231124Z-8e185556,2026-08-16T01:11:58Z
chunk_15,p365,softer,valid_1016_a_2.nii.gz,ac4088e79a7c4dcbc38b4a3c29834fa19c2a737ce7fa6a57760ab4d80e496280,108548994,20260815T231124Z-8e185556,2026-08-16T01:12:02Z
chunk_15,p365,sharper,valid_1016_a_1.nii.gz,c70cd8aa3e532575c2a2fd7ef62a0db1f00d8963765e01d64c85c6313adbbb14,126021254,20260815T231124Z-8e185556,2026-08-16T01:12:05Z
chunk_15,p366,softer,valid_1016_b_2.nii.gz,275347defe62cb3a8aec47f0523020ecd04e27c2f415fc60f074355a9f7414f0,97496516,20260815T231124Z-8e185556,2026-08-16T01:12:08Z
chunk_15,p366,sharper,valid_1016_b_1.nii.gz,52ffdf9eb223c0946e2cf97b49cff058999873ef43ba6fbc82fd95338fe49356,113418342,20260815T231124Z-8e185556,2026-08-16T01:12:12Z
chunk_15,p367,softer,valid_1041_b_2.nii.gz,03bfd3855b95278fd211377e8fe0ddf770a4138e458b0061be0310867943d393,96092231,20260815T231124Z-8e185556,2026-08-16T01:12:14Z
chunk_15,p367,sharper,valid_1041_b_1.nii.gz,7e75bf2911fa24963d8e11e52daf6348b1a4878c77bbcb93a516243e8a0fe121,109038444,20260815T231124Z-8e185556,2026-08-16T01:12:17Z
chunk_15,p368,softer,valid_1042_a_2.nii.gz,d9d35a4ec8f7258e40c406f1fde22984a9e106d0c43fd1bfdf898c078d62732a,112111637,20260815T231124Z-8e185556,2026-08-16T01:12:20Z
chunk_15,p368,sharper,valid_1042_a_1.nii.gz,e4ce43abce176670c455b06ca62e77b6eedbe9863689a34d25b2407b4e649024,131491176,20260815T231124Z-8e185556,2026-08-16T01:12:23Z
chunk_15,p369,softer,valid_1051_a_2.nii.gz,5ba0acb4af5b6a845beb28f902084ee7cf599f420b8ec1de4192a1b641746716,82573094,20260815T231124Z-8e185556,2026-08-16T01:12:25Z
chunk_15,p369,sharper,valid_1051_a_1.nii.gz,444e6a6cc79588fab56f690c875121a3de8d9756c6335128deba0a1c6cd0e8c7,95200767,20260815T231124Z-8e185556,2026-08-16T01:12:28Z
chunk_15,p370,softer,valid_1083_a_2.nii.gz,b9c46723c573c68c8caa9c1b15f9bf55380e862c95df09898066b168ca74021b,107916457,20260815T231124Z-8e185556,2026-08-16T01:12:31Z
chunk_15,p370,sharper,valid_1083_a_1.nii.gz,d210b84766002681118d8e01a51f4d26c98fa2ebc541bdefaf3264b530a766a7,124697441,20260815T231124Z-8e185556,2026-08-16T01:12:34Z
chunk_15,p371,softer,valid_1103_b_2.nii.gz,2ee0867074f4516257024a4f5b15e5342d9a88ca95f272cadb9ebf6571aef2c0,93001068,20260815T231124Z-8e185556,2026-08-16T01:12:36Z
chunk_15,p371,sharper,valid_1103_b_1.nii.gz,95a9b2d3fd2d6638cecea5e4657e7c8d50e2aa549065c892138f0bbf87e8e80f,107589380,20260815T231124Z-8e185556,2026-08-16T01:12:38Z
chunk_15,p372,softer,valid_1126_b_2.nii.gz,0ad748fa9481c2ce5934a97f96c09f377723c816bd7c9b137fd8943a52c26240,94259110,20260815T231124Z-8e185556,2026-08-16T01:12:41Z
chunk_15,p372,sharper,valid_1126_b_1.nii.gz,f1f2ee98947197601890f5de4f8703eb18e4f00e11a976b71423b46b9531c009,108026107,20260815T231124Z-8e185556,2026-08-16T01:12:43Z
chunk_15,p373,softer,valid_1126_c_2.nii.gz,26250187c8ab8ce1ea3c396fb573077640b789b20dd9431de3089552c058630f,98734706,20260815T231124Z-8e185556,2026-08-16T01:12:47Z
chunk_15,p373,sharper,valid_1126_c_1.nii.gz,09b1db875492aa676ee9b680c84a16a8b25042a2a394aeb94c3b81c7ff7b1b01,113200434,20260815T231124Z-8e185556,2026-08-16T01:12:50Z
chunk_15,p374,softer,valid_114_b_2.nii.gz,4eca216a0492f024b3ad871c5f4fedb820060c2eba4e7cb01714b1722c8eb778,96795528,20260815T231124Z-8e185556,2026-08-16T01:12:52Z
chunk_15,p374,sharper,valid_114_b_1.nii.gz,70281e948b5d103e4bcf8fe4e107c8025e7031d17981337c77f9a55ae1ca3ba9,112085486,20260815T231124Z-8e185556,2026-08-16T01:12:55Z
chunk_15,p375,softer,valid_117_b_2.nii.gz,04996e121d081fbe4386fb727ff19b6f8eea856e505d820d08f21966d024b063,96348741,20260815T231124Z-8e185556,2026-08-16T01:12:58Z
chunk_15,p375,sharper,valid_117_b_1.nii.gz,0ec000e5fd61d9da9c7ee454395fbe55e2b1a74747587446f6613068c123a7e7,111805404,20260815T231124Z-8e185556,2026-08-16T01:13:01Z
