stratum,head_index,head_name,scale,statistic,point,ci95_lo,ci95_hi,replicates,n_patients,n_counted_pairs
Br40f|Br60f,0,Medical material,probability,median_signed,-7.31050968170166e-05,-0.00041878223419189453,0.0002987682819366455,2000,218,236
Br40f|Br60f,1,Arterial wall calcification,probability,median_signed,0.0013997852802276611,0.0009336471557617188,0.0018669068813323975,2000,218,236
Br40f|Br60f,2,Cardiomegaly,probability,median_signed,0.00012290477752685547,-0.0002377629280090332,0.0005306601524353027,2000,218,236
Br40f|Br60f,3,Pericardial effusion,probability,median_signed,-0.0005709528923034668,-0.0010350048542022705,-0.00032967329025268555,2000,218,236
Br40f|Br60f,4,Coronary artery wall calcification,probability,median_signed,0.0010013580322265625,0.0006535053253173828,0.0016020536422729492,2000,218,236
Br40f|Br60f,5,Hiatal hernia,probability,median_signed,0.0018167495727539062,0.0015895765274763108,0.0025010634213685984,2000,218,236
Br40f|Br60f,6,Lymphadenopathy,probability,median_signed,0.00017674267292022705,2.568028867244721e-05,0.0004277527332305908,2000,218,236
Br40f|Br60f,7,Emphysema,probability,median_signed,0.0008894652128219604,0.00045180320739746094,0.0013805627822875977,2000,218,236
Br40f|Br60f,8,Atelectasis,probability,median_signed,0.0001421719789505005,-0.00012069940567016602,0.00043329596519470215,2000,218,236
Br40f|Br60f,9,Lung nodule,probability,median_signed,0.001233816146850586,0.000996232032775879,0.0014215707778930664,2000,218,236
Br40f|Br60f,10,Lung opacity,probability,median_signed,-8.843839168548584e-05,-0.00032620131969451904,0.00019615888595581055,2000,218,236
Br40f|Br60f,11,Pulmonary fibrotic sequela,probability,median_signed,0.00142708420753479,0.0011631250381469727,0.0018019676208496094,2000,218,236
Br40f|Br60f,12,Pleural effusion,probability,median_signed,-0.0006469488143920898,-0.001427292823791504,-0.00013831257820129395,2000,218,236
Br40f|Br60f,13,Mosaic attenuation pattern,probability,median_signed,0.00010657310485839844,-0.0005304217338562012,0.0006509080529212944,2000,218,236
Br40f|Br60f,14,Peribronchial thickening,probability,median_signed,0.0005836188793182373,0.0003020763397216797,0.0008709177374839782,2000,218,236
Br40f|Br60f,15,Consolidation,probability,median_signed,-0.0008057355880737305,-0.0012142658233642578,-0.00029343888163566815,2000,218,236
Br40f|Br60f,16,Bronchiectasis,probability,median_signed,0.0007751584053039551,0.000510871410369873,0.001220405101776123,2000,218,236
Br40f|Br60f,17,Interlobular septal thickening,probability,median_signed,-0.00018389523029327393,-0.0007880181074142456,0.0002713203430175781,2000,218,236
Br40f|Br60f,0,Medical material,probability,mean_signed,0.0001482088434494148,-0.0005857003215991014,0.0008491374259016374,2000,218,236
Br40f|Br60f,1,Arterial wall calcification,probability,mean_signed,0.0030553421731722556,0.0020417051932432742,0.0040308983791113905,2000,218,236
Br40f|Br60f,2,Cardiomegaly,probability,mean_signed,0.0003290431479276237,-0.0008439131238955563,0.0014220437764221115,2000,218,236
Br40f|Br60f,3,Pericardial effusion,probability,mean_signed,-0.001013344374753661,-0.0019052342783721834,-0.0002080270526408314,2000,218,236
Br40f|Br60f,4,Coronary artery wall calcification,probability,mean_signed,0.0025400832547979838,0.0015500574599540402,0.0035074254580492277,2000,218,236
Br40f|Br60f,5,Hiatal hernia,probability,mean_signed,0.0028143898915436306,0.002341211040540727,0.003305890866202013,2000,218,236
Br40f|Br60f,6,Lymphadenopathy,probability,mean_signed,0.0004512785097299996,-0.00019028090139282047,0.0010727412264425564,2000,218,236
Br40f|Br60f,7,Emphysema,probability,mean_signed,0.001787027186256344,0.001268686103711819,0.002281163829726379,2000,218,236
Br40f|Br60f,8,Atelectasis,probability,mean_signed,0.0005073346576448214,-7.771470465349736e-05,0.0010676771265179159,2000,218,236
Br40f|Br60f,9,Lung nodule,probability,mean_signed,0.0014914394182673955,0.0012717086578039646,0.0017139337035406153,2000,218,236
Br40f|Br60f,10,Lung opacity,probability,mean_signed,-0.00038632258015163873,-0.0008910092279802474,8.047209797558397e-05,2000,218,236
Br40f|Br60f,11,Pulmonary fibrotic sequela,probability,mean_signed,0.0017841891464540514,0.0014943931300019004,0.0020615188238468575,2000,218,236
Br40f|Br60f,12,Pleural effusion,probability,mean_signed,-0.0015159414733870555,-0.002689020029943565,-0.00034112638876408,2000,218,236
Br40f|Br60f,13,Mosaic attenuation pattern,probability,mean_signed,0.00015980510388390493,-0.0006434718732052162,0.0009312280346738531,2000,218,236
Br40f|Br60f,14,Peribronchial thickening,probability,mean_signed,0.0007362509683027106,0.0002242673451997012,0.001225332874714142,2000,218,236
Br40f|Br60f,15,Consolidation,probability,mean_signed,-0.0014818548145940748,-0.002228325325506922,-0.0007587450059191343,2000,218,236
Br40f|Br60f,16,Bronchiectasis,probability,mean_signed,0.0010770257499258396,0.0007745960080209792,0.0013936677185450049,2000,218,236
Br40f|Br60f,17,Interlobular septal thickening,probability,mean_signed,-0.0006233803549055326,-0.0014110923086444282,0.00012543191648116197,2000,218,236
Br40f|Br60f,0,Medical material,probability,q95_abs,0.012262791395187378,0.01044631414115429,0.014749720767140378,2000,218,236
Br40f|Br60f,1,Arterial wall calcification,probability,q95_abs,0.018820323050022125,0.015319585278630254,0.023204378783702843,2000,218,236
Br40f|Br60f,2,Cardiomegaly,probability,q95_abs,0.020362943410873413,0.01600102119147777,0.02387432016432283,2000,218,236
Br40f|Br60f,3,Pericardial effusion,probability,q95_abs,0.0133446604013443,0.010898081660270691,0.01743551790714261,2000,218,236
Br40f|Br60f,4,Coronary artery wall calcification,probability,q95_abs,0.017709262669086456,0.014898696541786187,0.022799968719482422,2000,218,236
Br40f|Br60f,5,Hiatal hernia,probability,q95_abs,0.009720370173454285,0.008612334728240967,0.012056410312652588,2000,218,236
Br40f|Br60f,6,Lymphadenopathy,probability,q95_abs,0.011761553585529327,0.008785825036466122,0.013660848140716553,2000,218,236
Br40f|Br60f,7,Emphysema,probability,q95_abs,0.010276444256305695,0.008344834409654138,0.011668762192130071,2000,218,236
Br40f|Br60f,8,Atelectasis,probability,q95_abs,0.01022079586982727,0.008630045577883716,0.012294777259230566,2000,218,236
Br40f|Br60f,9,Lung nodule,probability,q95_abs,0.004875585436820984,0.004057705402374268,0.005824089050292969,2000,218,236
Br40f|Br60f,10,Lung opacity,probability,q95_abs,0.008010521531105042,0.006750412881374359,0.009703707173466665,2000,218,236
Br40f|Br60f,11,Pulmonary fibrotic sequela,probability,q95_abs,0.0059175193309783936,0.005228603929281234,0.006738737672567367,2000,218,236
Br40f|Br60f,12,Pleural effusion,probability,q95_abs,0.01988319307565689,0.01650172472000122,0.02433203537017102,2000,218,236
Br40f|Br60f,13,Mosaic attenuation pattern,probability,q95_abs,0.012582704424858093,0.010291556864976837,0.017306843101978293,2000,218,236
Br40f|Br60f,14,Peribronchial thickening,probability,q95_abs,0.008154362440109253,0.007610172778367996,0.009595638886094066,2000,218,236
Br40f|Br60f,15,Consolidation,probability,q95_abs,0.012117400765419006,0.010478846207261085,0.01364659428596494,2000,218,236
Br40f|Br60f,16,Bronchiectasis,probability,q95_abs,0.005925238132476807,0.004999704360961914,0.006921708583831787,2000,218,236
Br40f|Br60f,17,Interlobular septal thickening,probability,q95_abs,0.013078704476356506,0.010932654961943622,0.015450121462345118,2000,218,236
Br40f|Br60f,0,Medical material,logit,median_signed,-0.0002975074980025444,-0.0017448444810350683,0.0012090927433701382,2000,218,236
Br40f|Br60f,1,Arterial wall calcification,logit,median_signed,0.0057173614712236615,0.0038661561962477498,0.007809293658115335,2000,218,236
Br40f|Br60f,2,Cardiomegaly,logit,median_signed,0.000528525401971236,-0.0009977048136715627,0.002232659604266829,2000,218,236
Br40f|Br60f,3,Pericardial effusion,logit,median_signed,-0.002402795234846919,-0.00429743623652324,-0.0014156119954016888,2000,218,236
Br40f|Br60f,4,Coronary artery wall calcification,logit,median_signed,0.004137840335741327,0.0027386439604015766,0.006740676868305817,2000,218,236
Br40f|Br60f,5,Hiatal hernia,logit,median_signed,0.007299223185861098,0.006392140642860647,0.010095290951767729,2000,218,236
Br40f|Br60f,6,Lymphadenopathy,logit,median_signed,0.0007205889709449853,0.00010541706664170921,0.00173597130821386,2000,218,236
Br40f|Br60f,7,Emphysema,logit,median_signed,0.0035874363693104844,0.001815606396077779,0.00554471885665192,2000,218,236
Br40f|Br60f,8,Atelectasis,logit,median_signed,0.0005762959051788391,-0.0004922565947423352,0.0017628106644049513,2000,218,236
Br40f|Br60f,9,Lung nodule,logit,median_signed,0.004939032779641566,0.00398863110972246,0.005686746332604442,2000,218,236
Br40f|Br60f,10,Lung opacity,logit,median_signed,-0.0003579052139307676,-0.001317027058703471,0.0007892948411344081,2000,218,236
Br40f|Br60f,11,Pulmonary fibrotic sequela,logit,median_signed,0.005724879477325799,0.004665593002148251,0.007231592868937167,2000,218,236
Br40f|Br60f,12,Pleural effusion,logit,median_signed,-0.0026651518333777324,-0.006017581384491495,-0.0006060235771258027,2000,218,236
Br40f|Br60f,13,Mosaic attenuation pattern,logit,median_signed,0.0004373267114008428,-0.0021528907990727986,0.0026785987713041108,2000,218,236
Br40f|Br60f,14,Peribronchial thickening,logit,median_signed,0.0023554954130100315,0.0012213901104116747,0.0035395491151611683,2000,218,236
Br40f|Br60f,15,Consolidation,logit,median_signed,-0.003316193617899532,-0.0049264135732977055,-0.0011848454751158118,2000,218,236
Br40f|Br60f,16,Bronchiectasis,logit,median_signed,0.0031089826397445175,0.0020474536173382962,0.0048823695348572255,2000,218,236
Br40f|Br60f,17,Interlobular septal thickening,logit,median_signed,-0.0007558461729915422,-0.0032323140161485274,0.0011166376150782888,2000,218,236
Br40f|Br60f,0,Medical material,logit,mean_signed,0.0005548884598562071,-0.0023985206422731348,0.003394291614930283,2000,218,236
Br40f|Br60f,1,Arterial wall calcification,logit,mean_signed,0.012492286274545981,0.008388487746428912,0.016438645014745658,2000,218,236
Br40f|Br60f,2,Cardiomegaly,logit,mean_signed,0.0014307846452543875,-0.003390011374605058,0.0059098131828274015,2000,218,236
Br40f|Br60f,3,Pericardial effusion,logit,mean_signed,-0.00426423716004602,-0.007870282519226853,-0.000982073311247596,2000,218,236
Br40f|Br60f,4,Coronary artery wall calcification,logit,mean_signed,0.010336486226511224,0.006329834384459935,0.014245191472043891,2000,218,236
Br40f|Br60f,5,Hiatal hernia,logit,mean_signed,0.01130201212781227,0.009405691845804278,0.013267538661318643,2000,218,236
Br40f|Br60f,6,Lymphadenopathy,logit,mean_signed,0.0017975464308616876,-0.000780505257490497,0.004303352493836953,2000,218,236
Br40f|Br60f,7,Emphysema,logit,mean_signed,0.007172320718370152,0.005097371603108361,0.009158033970206678,2000,218,236
Br40f|Br60f,8,Atelectasis,logit,mean_signed,0.002024561728909032,-0.00032298196078311384,0.004279446947811138,2000,218,236
Br40f|Br60f,9,Lung nodule,logit,mean_signed,0.005971020708081006,0.005091740677679754,0.006861578289573085,2000,218,236
Br40f|Br60f,10,Lung opacity,logit,mean_signed,-0.001553057511568337,-0.0035766623345496666,0.0003213846119604402,2000,218,236
Br40f|Br60f,11,Pulmonary fibrotic sequela,logit,mean_signed,0.007162686457035861,0.00599936015480685,0.008277235566549706,2000,218,236
Br40f|Br60f,12,Pleural effusion,logit,mean_signed,-0.006219277927813203,-0.011047336333385565,-0.0013646788310039582,2000,218,236
Br40f|Br60f,13,Mosaic attenuation pattern,logit,mean_signed,0.0006415911582011721,-0.0025764917176888612,0.0037507819623866776,2000,218,236
Br40f|Br60f,14,Peribronchial thickening,logit,mean_signed,0.002964700469097633,0.000902043568498513,0.004933984236120294,2000,218,236
Br40f|Br60f,15,Consolidation,logit,mean_signed,-0.005987057038704562,-0.008993972403846983,-0.0030633436220131273,2000,218,236
Br40f|Br60f,16,Bronchiectasis,logit,mean_signed,0.004330546426371592,0.003112276387348274,0.00560495711395417,2000,218,236
Br40f|Br60f,17,Interlobular septal thickening,logit,mean_signed,-0.0025224580525405526,-0.005701183707181054,0.0004918755300101498,2000,218,236
Br40f|Br60f,0,Medical material,logit,q95_abs,0.04957335083426076,0.04193044911136723,0.059542426860923696,2000,218,236
Br40f|Br60f,1,Arterial wall calcification,logit,q95_abs,0.07611426016993887,0.06405575564530092,0.09544979037399108,2000,218,236
Br40f|Br60f,2,Cardiomegaly,logit,q95_abs,0.08382328104329292,0.06505494479105091,0.09611929137937401,2000,218,236
Br40f|Br60f,3,Pericardial effusion,logit,q95_abs,0.054421652920185984,0.04384035029377725,0.06983787113591204,2000,218,236
Br40f|Br60f,4,Coronary artery wall calcification,logit,q95_abs,0.07173314623889046,0.06195022758169705,0.09284018942218585,2000,218,236
Br40f|Br60f,5,Hiatal hernia,logit,q95_abs,0.03903571170802665,0.03455249865042527,0.04869810603458888,2000,218,236
Br40f|Br60f,6,Lymphadenopathy,logit,q95_abs,0.04736033066522154,0.03527976605122913,0.054864239835727066,2000,218,236
Br40f|Br60f,7,Emphysema,logit,q95_abs,0.041130186521083904,0.033399192689125584,0.04674564821394862,2000,218,236
Br40f|Br60f,8,Atelectasis,logit,q95_abs,0.040885417979944605,0.034713317817237285,0.04933865689681269,2000,218,236
Br40f|Br60f,9,Lung nodule,logit,q95_abs,0.01952322690962563,0.016263426215926507,0.023337250178593533,2000,218,236
Br40f|Br60f,10,Lung opacity,logit,q95_abs,0.03206902241343791,0.027020276088616138,0.0389815076716294,2000,218,236
Br40f|Br60f,11,Pulmonary fibrotic sequela,logit,q95_abs,0.023866473771113346,0.021065086860747383,0.02705843067204813,2000,218,236
Br40f|Br60f,12,Pleural effusion,logit,q95_abs,0.08221058993098063,0.0683980304463544,0.09871595850394732,2000,218,236
Br40f|Br60f,13,Mosaic attenuation pattern,logit,q95_abs,0.050627726280602414,0.0414570105142959,0.06980111598124884,2000,218,236
Br40f|Br60f,14,Peribronchial thickening,logit,q95_abs,0.033052683233537335,0.030635461197311947,0.03874176821823715,2000,218,236
Br40f|Br60f,15,Consolidation,logit,q95_abs,0.04902522067290256,0.04211860817061455,0.05526478641303356,2000,218,236
Br40f|Br60f,16,Bronchiectasis,logit,q95_abs,0.023862010541524432,0.020025637366103025,0.027734922904266338,2000,218,236
Br40f|Br60f,17,Interlobular septal thickening,logit,q95_abs,0.05244078283698603,0.043951313390476816,0.0622061829550876,2000,218,236
Bl56f|Br40f,0,Medical material,probability,median_signed,0.00011709332466125488,-0.00044083595275878906,0.0006098300218582153,2000,109,126
Bl56f|Br40f,1,Arterial wall calcification,probability,median_signed,0.0002509951591491699,-0.0007259249687194824,0.0009041428565979004,2000,109,126
Bl56f|Br40f,2,Cardiomegaly,probability,median_signed,-0.0009666085243225098,-0.002121865749359131,-0.00016832351684570312,2000,109,126
Bl56f|Br40f,3,Pericardial effusion,probability,median_signed,-0.0014108270406723022,-0.0019431114196777344,-0.0008862614631652832,2000,109,126
Bl56f|Br40f,4,Coronary artery wall calcification,probability,median_signed,0.00029581785202026367,-0.0004934072494506836,0.0011300146579742432,2000,109,126
Bl56f|Br40f,5,Hiatal hernia,probability,median_signed,0.00024329125881195068,-0.00031164363026618956,0.0006461441516876221,2000,109,126
Bl56f|Br40f,6,Lymphadenopathy,probability,median_signed,-0.0007180869579315186,-0.000996232032775879,-0.00022608041763305664,2000,109,126
Bl56f|Br40f,7,Emphysema,probability,median_signed,0.00018283724784851074,-5.2928924560546875e-05,0.0007551908493041992,2000,109,126
Bl56f|Br40f,8,Atelectasis,probability,median_signed,-0.00047825276851654053,-0.0011370480060577393,-0.0001270771026611328,2000,109,126
Bl56f|Br40f,9,Lung nodule,probability,median_signed,0.0013078749179840088,0.0009191334247589111,0.0018859505653381348,2000,109,126
Bl56f|Br40f,10,Lung opacity,probability,median_signed,-0.0005121231079101562,-0.0012649700045585632,-3.516674041748047e-05,2000,109,126
Bl56f|Br40f,11,Pulmonary fibrotic sequela,probability,median_signed,0.0012666881084442139,0.000597536563873291,0.001792311668395996,2000,109,126
Bl56f|Br40f,12,Pleural effusion,probability,median_signed,-0.0017284750938415527,-0.003324061632156372,-0.0010435283184051514,2000,109,126
Bl56f|Br40f,13,Mosaic attenuation pattern,probability,median_signed,-0.0007888227701187134,-0.001757204532623291,-0.0002321302890777588,2000,109,126
Bl56f|Br40f,14,Peribronchial thickening,probability,median_signed,0.0003330409526824951,-0.00011334344744682308,0.000884711742401123,2000,109,126
Bl56f|Br40f,15,Consolidation,probability,median_signed,-0.0011538714170455933,-0.0027442574501037598,-0.00023601949214935303,2000,109,126
Bl56f|Br40f,16,Bronchiectasis,probability,median_signed,0.0016989409923553467,0.0010322116315364838,0.0027703046798706055,2000,109,126
Bl56f|Br40f,17,Interlobular septal thickening,probability,median_signed,-0.0007836073637008667,-0.002026960253715515,-0.0002015233039855957,2000,109,126
Bl56f|Br40f,0,Medical material,probability,mean_signed,-0.0006668158466853793,-0.002402022289399241,0.0010544583936206624,2000,109,126
Bl56f|Br40f,1,Arterial wall calcification,probability,mean_signed,-0.0015134435324441818,-0.003937264269277934,0.0007020598397620221,2000,109,126
Bl56f|Br40f,2,Cardiomegaly,probability,mean_signed,-0.005025350621768406,-0.008298046536566246,-0.0020473690746212196,2000,109,126
Bl56f|Br40f,3,Pericardial effusion,probability,mean_signed,-0.003014227700611902,-0.005080201627052092,-0.0009484801192583168,2000,109,126
Bl56f|Br40f,4,Coronary artery wall calcification,probability,mean_signed,-0.0010771727751171778,-0.003479541974763076,0.001163738072558867,2000,109,126
Bl56f|Br40f,5,Hiatal hernia,probability,mean_signed,-0.0004520293266054184,-0.0012650853159820313,0.0003079620037099408,2000,109,126
Bl56f|Br40f,6,Lymphadenopathy,probability,mean_signed,-0.002455764583178929,-0.004136753675689529,-0.0008821996033191681,2000,109,126
Bl56f|Br40f,7,Emphysema,probability,mean_signed,-0.00012670102573576427,-0.0011981967245302504,0.0008379589792775105,2000,109,126
Bl56f|Br40f,8,Atelectasis,probability,mean_signed,-0.00189953451118772,-0.003363734899136944,-0.0004984866380596799,2000,109,126
Bl56f|Br40f,9,Lung nodule,probability,mean_signed,0.0017564471751924545,0.0013215496106789664,0.002216467882260249,2000,109,126
Bl56f|Br40f,10,Lung opacity,probability,mean_signed,-0.0020492145466426063,-0.003391911883147493,-0.0008012124055362652,2000,109,126
Bl56f|Br40f,11,Pulmonary fibrotic sequela,probability,mean_signed,0.001511807952608381,0.0010202161775774415,0.0020165760769066594,2000,109,126
Bl56f|Br40f,12,Pleural effusion,probability,mean_signed,-0.005676198809865921,-0.008858542659820563,-0.00270864544000179,2000,109,126
Bl56f|Br40f,13,Mosaic attenuation pattern,probability,mean_signed,-0.003569397424894666,-0.00568161730242313,-0.0015860523695383616,2000,109,126
Bl56f|Br40f,14,Peribronchial thickening,probability,mean_signed,7.825238364083427e-05,-0.0010474089837272562,0.0011280469805939742,2000,109,126
Bl56f|Br40f,15,Consolidation,probability,mean_signed,-0.0038021178472609747,-0.005816608971379607,-0.0019188554704888516,2000,109,126
Bl56f|Br40f,16,Bronchiectasis,probability,mean_signed,0.002273276921302553,0.0016684856986571583,0.002912856849482444,2000,109,126
Bl56f|Br40f,17,Interlobular septal thickening,probability,mean_signed,-0.0038725558727506606,-0.006099352134491196,-0.0018655543826746732,2000,109,126
Bl56f|Br40f,0,Medical material,probability,q95_abs,0.019772715866565704,0.014575541019439697,0.02503512345254419,2000,109,126
Bl56f|Br40f,1,Arterial wall calcification,probability,q95_abs,0.028424546122550964,0.01963931731879711,0.036193688735365825,2000,109,126
Bl56f|Br40f,2,Cardiomegaly,probability,q95_abs,0.038668327033519745,0.02182863108813755,0.05057968143373726,2000,109,126
Bl56f|Br40f,3,Pericardial effusion,probability,q95_abs,0.023177243769168854,0.017801352813839905,0.03180297192186107,2000,109,126
Bl56f|Br40f,4,Coronary artery wall calcification,probability,q95_abs,0.025987252593040466,0.021061650589108468,0.03592724490910761,2000,109,126
Bl56f|Br40f,5,Hiatal hernia,probability,q95_abs,0.00972805917263031,0.006906157732009888,0.011689640581607819,2000,109,126
Bl56f|Br40f,6,Lymphadenopathy,probability,q95_abs,0.01858237385749817,0.013357093930244429,0.02639982845634217,2000,109,126
Bl56f|Br40f,7,Emphysema,probability,q95_abs,0.011252149939537048,0.007373168468475334,0.015082144588232035,2000,109,126
Bl56f|Br40f,8,Atelectasis,probability,q95_abs,0.015462569892406464,0.011538922786712646,0.022223873436450946,2000,109,126
Bl56f|Br40f,9,Lung nodule,probability,q95_abs,0.005827739834785461,0.0048275569081306455,0.007362008094787591,2000,109,126
Bl56f|Br40f,10,Lung opacity,probability,q95_abs,0.01616673171520233,0.009013238772749897,0.01847620811313387,2000,109,126
Bl56f|Br40f,11,Pulmonary fibrotic sequela,probability,q95_abs,0.006392344832420349,0.005502299219369888,0.007344508171081542,2000,109,126
Bl56f|Br40f,12,Pleural effusion,probability,q95_abs,0.03778819739818573,0.025120437145233154,0.04392303764820094,2000,109,126
Bl56f|Br40f,13,Mosaic attenuation pattern,probability,q95_abs,0.025638863444328308,0.015708625316619873,0.03777920179069026,2000,109,126
Bl56f|Br40f,14,Peribronchial thickening,probability,q95_abs,0.011602617800235748,0.008025583922863006,0.01766346991062163,2000,109,126
Bl56f|Br40f,15,Consolidation,probability,q95_abs,0.0226316899061203,0.01382711969316004,0.02782110668718814,2000,109,126
Bl56f|Br40f,16,Bronchiectasis,probability,q95_abs,0.00838443636894226,0.0062406978756189314,0.009334921836853027,2000,109,126
Bl56f|Br40f,17,Interlobular septal thickening,probability,q95_abs,0.0251496359705925,0.016283693909645076,0.030386396311223467,2000,109,126
Bl56f|Br40f,0,Medical material,logit,median_signed,0.0004883839595373196,-0.001839575459401388,0.002473649437581729,2000,109,126
Bl56f|Br40f,1,Arterial wall calcification,logit,median_signed,0.0010434974136404873,-0.0030057092348048098,0.003754546036571327,2000,109,126
Bl56f|Br40f,2,Cardiomegaly,logit,median_signed,-0.004265382691214792,-0.008829541643371852,-0.0007127938210180207,2000,109,126
Bl56f|Br40f,3,Pericardial effusion,logit,median_signed,-0.005969665179271527,-0.008391171495145788,-0.003801284562429008,2000,109,126
Bl56f|Br40f,4,Coronary artery wall calcification,logit,median_signed,0.0012416902493642135,-0.0020804964490556133,0.0046499169662218565,2000,109,126
Bl56f|Br40f,5,Hiatal hernia,logit,median_signed,0.0009808812066436287,-0.0012504065681179567,0.002594051166996375,2000,109,126
Bl56f|Br40f,6,Lymphadenopathy,logit,median_signed,-0.0029389704137776085,-0.004090131190325308,-0.0009187881486844018,2000,109,126
Bl56f|Br40f,7,Emphysema,logit,median_signed,0.0007367519982296733,-0.00021270371349660366,0.0030508129870017997,2000,109,126
Bl56f|Br40f,8,Atelectasis,logit,median_signed,-0.0019459551575989609,-0.004571439449989195,-0.0005168984084767403,2000,109,126
Bl56f|Br40f,9,Lung nodule,logit,median_signed,0.005231698576683411,0.0036772041134917437,0.007543991416237934,2000,109,126
Bl56f|Br40f,10,Lung opacity,logit,median_signed,-0.0020643101507262784,-0.0050866018878939845,-0.00014198413846544522,2000,109,126
Bl56f|Br40f,11,Pulmonary fibrotic sequela,logit,median_signed,0.005096441859526896,0.0023901701817950856,0.007171293823804176,2000,109,126
Bl56f|Br40f,12,Pleural effusion,logit,median_signed,-0.007405735067911784,-0.013703987073815954,-0.004402101295203686,2000,109,126
Bl56f|Br40f,13,Mosaic attenuation pattern,logit,median_signed,-0.0032596500225101077,-0.007172745675471159,-0.0009440830084371798,2000,109,126
Bl56f|Br40f,14,Peribronchial thickening,logit,median_signed,0.0013697157755598321,-0.00046385668248776445,0.003623777841686271,2000,109,126
Bl56f|Br40f,15,Consolidation,logit,median_signed,-0.004707435219582418,-0.011369168189837686,-0.0009530755203841085,2000,109,126
Bl56f|Br40f,16,Bronchiectasis,logit,median_signed,0.006816246342106444,0.004177572602224965,0.01111231887685088,2000,109,126
Bl56f|Br40f,17,Interlobular septal thickening,logit,median_signed,-0.0031906102583745544,-0.008287901318395179,-0.0008202518714289786,2000,109,126
Bl56f|Br40f,0,Medical material,logit,mean_signed,-0.0027299663864706982,-0.009758458251747428,0.0042011578745340065,2000,109,126
Bl56f|Br40f,1,Arterial wall calcification,logit,mean_signed,-0.0059566519701200905,-0.01572048775034848,0.003085785089696766,2000,109,126
Bl56f|Br40f,2,Cardiomegaly,logit,mean_signed,-0.020332589955773788,-0.03355049611076753,-0.008352462936410975,2000,109,126
Bl56f|Br40f,3,Pericardial effusion,logit,mean_signed,-0.012526363013178528,-0.020962431355187258,-0.004122875258367488,2000,109,126
Bl56f|Br40f,4,Coronary artery wall calcification,logit,mean_signed,-0.004236479793260947,-0.013917037768356703,0.004892548320389421,2000,109,126
Bl56f|Br40f,5,Hiatal hernia,logit,mean_signed,-0.0017982725227087281,-0.005059629179555965,0.001253365825883679,2000,109,126
Bl56f|Br40f,6,Lymphadenopathy,logit,mean_signed,-0.00990824150708442,-0.016696793313480087,-0.003579798302935495,2000,109,126
Bl56f|Br40f,7,Emphysema,logit,mean_signed,-0.0005017006063139595,-0.004793945417545386,0.0033786340327614604,2000,109,126
Bl56f|Br40f,8,Atelectasis,logit,mean_signed,-0.007638916478446324,-0.013550213851660196,-0.00200724995803381,2000,109,126
Bl56f|Br40f,9,Lung nodule,logit,mean_signed,0.007030375448209699,0.005289419699090346,0.00887231637063933,2000,109,126
Bl56f|Br40f,10,Lung opacity,logit,mean_signed,-0.008218602672961291,-0.013590544937334357,-0.0032122996195711245,2000,109,126
Bl56f|Br40f,11,Pulmonary fibrotic sequela,logit,mean_signed,0.006067861950467381,0.004091446755152735,0.008097729914548072,2000,109,126
Bl56f|Br40f,12,Pleural effusion,logit,mean_signed,-0.023135022552314193,-0.03607217280741757,-0.011006387704012159,2000,109,126
Bl56f|Br40f,13,Mosaic attenuation pattern,logit,mean_signed,-0.014389470879162772,-0.02288118445509694,-0.006429254858455609,2000,109,126
Bl56f|Br40f,14,Peribronchial thickening,logit,mean_signed,0.000286972035101138,-0.004255109286056122,0.004506808742674645,2000,109,126
Bl56f|Br40f,15,Consolidation,logit,mean_signed,-0.015332168877309529,-0.023414040798961568,-0.007720743347016585,2000,109,126
Bl56f|Br40f,16,Bronchiectasis,logit,mean_signed,0.009132562658659528,0.006701007027030305,0.011705990891710495,2000,109,126
Bl56f|Br40f,17,Interlobular septal thickening,logit,mean_signed,-0.015584490237474496,-0.02453945570011613,-0.007499275869758994,2000,109,126
Bl56f|Br40f,0,Medical material,logit,q95_abs,0.07946375901887222,0.058963597484710695,0.10114232280014697,2000,109,126
Bl56f|Br40f,1,Arterial wall calcification,logit,q95_abs,0.11475189746535795,0.07971125270577484,0.14489343834638538,2000,109,126
Bl56f|Br40f,2,Cardiomegaly,logit,q95_abs,0.1567766600608222,0.08894059888918694,0.2057537860221289,2000,109,126
Bl56f|Br40f,3,Pericardial effusion,logit,q95_abs,0.09488500149441656,0.07252254497300259,0.12888413487986713,2000,109,126
Bl56f|Br40f,4,Coronary artery wall calcification,logit,q95_abs,0.1057333925916929,0.08580410915182679,0.14396054339977338,2000,109,126
Bl56f|Br40f,5,Hiatal hernia,logit,q95_abs,0.03891884429336141,0.027744825690273065,0.04701928541579049,2000,109,126
Bl56f|Br40f,6,Lymphadenopathy,logit,q95_abs,0.07508781149071028,0.05393624171698517,0.10574215688251738,2000,109,126
Bl56f|Br40f,7,Emphysema,logit,q95_abs,0.045053984469032346,0.029521179523145327,0.06034039230151845,2000,109,126
Bl56f|Br40f,8,Atelectasis,logit,q95_abs,0.06202956610343589,0.046394405634518715,0.08891388920155498,2000,109,126
Bl56f|Br40f,9,Lung nodule,logit,q95_abs,0.023326731328043318,0.019326977365296132,0.029468096336704476,2000,109,126
Bl56f|Br40f,10,Lung opacity,logit,q95_abs,0.0647161403728751,0.0362923225151009,0.07391856316405551,2000,109,126
Bl56f|Br40f,11,Pulmonary fibrotic sequela,logit,q95_abs,0.025596230748674308,0.022091260110447226,0.029420831546857686,2000,109,126
Bl56f|Br40f,12,Pleural effusion,logit,q95_abs,0.15153086912976527,0.10233845411353204,0.18244626374919695,2000,109,126
Bl56f|Br40f,13,Mosaic attenuation pattern,logit,q95_abs,0.10294878083321896,0.06364654675667913,0.15202892371747498,2000,109,126
Bl56f|Br40f,14,Peribronchial thickening,logit,q95_abs,0.046547984666667465,0.032422213977335385,0.07141740962203523,2000,109,126
Bl56f|Br40f,15,Consolidation,logit,q95_abs,0.0908986071755789,0.0559369090097351,0.11173398773883877,2000,109,126
Bl56f|Br40f,16,Bronchiectasis,logit,q95_abs,0.033725125114302104,0.02516004192220264,0.03756422561445691,2000,109,126
Bl56f|Br40f,17,Interlobular septal thickening,logit,q95_abs,0.10072795283049962,0.06606690115192995,0.12214857235341604,2000,109,126
Bl57d|Br36d,0,Medical material,probability,median_signed,-0.0008103102445602417,-0.0028118491172790527,0.0004538297653198242,2000,52,58
Bl57d|Br36d,1,Arterial wall calcification,probability,median_signed,-0.00011914968490600586,-0.002552330493927002,0.0006302595138549805,2000,52,58
Bl57d|Br36d,2,Cardiomegaly,probability,median_signed,-0.0017296969890594482,-0.006041616201400757,-0.0010076463222503662,2000,52,58
Bl57d|Br36d,3,Pericardial effusion,probability,median_signed,-0.00322115421295166,-0.005168363451957703,-0.0008589625358581543,2000,52,58
Bl57d|Br36d,4,Coronary artery wall calcification,probability,median_signed,-0.00044733285903930664,-0.002776694297790527,0.00033104419708251953,2000,52,58
Bl57d|Br36d,5,Hiatal hernia,probability,median_signed,0.0012457072734832764,0.0002751410007476807,0.0021368861198425293,2000,52,58
Bl57d|Br36d,6,Lymphadenopathy,probability,median_signed,-0.001656174659729004,-0.0029505059123039246,-0.00055694580078125,2000,52,58
Bl57d|Br36d,7,Emphysema,probability,median_signed,-0.0007593482732772827,-0.0016377270221710205,0.000522613525390625,2000,52,58
Bl57d|Br36d,8,Atelectasis,probability,median_signed,-0.0005683302879333496,-0.0020726025104522705,-0.00025031827390194,2000,52,58
Bl57d|Br36d,9,Lung nodule,probability,median_signed,0.0017465949058532715,0.0006976604461669923,0.00367853045463562,2000,52,58
Bl57d|Br36d,10,Lung opacity,probability,median_signed,-0.0013082027435302734,-0.002549181133508682,-0.00048086047172546387,2000,52,58
Bl57d|Br36d,11,Pulmonary fibrotic sequela,probability,median_signed,0.0004431605339050293,-0.0004571974277496338,0.0017719566822052002,2000,52,58
Bl57d|Br36d,12,Pleural effusion,probability,median_signed,-0.005872622132301331,-0.009120389819145203,-0.0018590092658996582,2000,52,58
Bl57d|Br36d,13,Mosaic attenuation pattern,probability,median_signed,-0.0018150806427001953,-0.002918064594268799,-0.0011014938354492188,2000,52,58
Bl57d|Br36d,14,Peribronchial thickening,probability,median_signed,-0.001343369483947754,-0.0020383596420288086,-0.0008135437965393066,2000,52,58
Bl57d|Br36d,15,Consolidation,probability,median_signed,-0.0016066282987594604,-0.005433022975921631,-0.0004488229751586914,2000,52,58
Bl57d|Br36d,16,Bronchiectasis,probability,median_signed,-0.0003561675548553467,-0.0009903907775878906,0.0007586479187011719,2000,52,58
Bl57d|Br36d,17,Interlobular septal thickening,probability,median_signed,-0.0028420090675354004,-0.00633472204208374,-0.0007568597793579102,2000,52,58
Bl57d|Br36d,0,Medical material,probability,mean_signed,-0.0023134217180054762,-0.004099613599112777,-0.0006178928979418496,2000,52,58
Bl57d|Br36d,1,Arterial wall calcification,probability,mean_signed,-0.0026163217322579748,-0.005186749510186955,2.1312163564664436e-05,2000,52,58
Bl57d|Br36d,2,Cardiomegaly,probability,mean_signed,-0.0071169893289434495,-0.010421563307331367,-0.003916094275339258,2000,52,58
Bl57d|Br36d,3,Pericardial effusion,probability,mean_signed,-0.005863031436657083,-0.008309000610096548,-0.0035093118365170967,2000,52,58
Bl57d|Br36d,4,Coronary artery wall calcification,probability,mean_signed,-0.0029907771225633293,-0.005655346387489276,-0.00031995122580039906,2000,52,58
Bl57d|Br36d,5,Hiatal hernia,probability,mean_signed,0.0010449763002066776,-0.00014438953682733554,0.0022599852017380975,2000,52,58
Bl57d|Br36d,6,Lymphadenopathy,probability,mean_signed,-0.004137394757106386,-0.006147652019679651,-0.0022731254498163877,2000,52,58
Bl57d|Br36d,7,Emphysema,probability,mean_signed,-0.0008699523991551893,-0.0023626693691870177,0.0006609329941772643,2000,52,58
Bl57d|Br36d,8,Atelectasis,probability,mean_signed,-0.002678920996600184,-0.004164210210897421,-0.0012145550135109196,2000,52,58
Bl57d|Br36d,9,Lung nodule,probability,mean_signed,0.002499812122049003,0.0017386375213491506,0.00324692959608189,2000,52,58
Bl57d|Br36d,10,Lung opacity,probability,mean_signed,-0.0032041473635311783,-0.004656370191421724,-0.0017890785935155134,2000,52,58
Bl57d|Br36d,11,Pulmonary fibrotic sequela,probability,mean_signed,0.0007467120885848999,-2.1302345253172372e-05,0.0016046661455398315,2000,52,58
Bl57d|Br36d,12,Pleural effusion,probability,mean_signed,-0.010322855464343366,-0.01406143258284315,-0.006711479905618918,2000,52,58
Bl57d|Br36d,13,Mosaic attenuation pattern,probability,mean_signed,-0.004271066394345513,-0.006291456667410017,-0.0023620383858289564,2000,52,58
Bl57d|Br36d,14,Peribronchial thickening,probability,mean_signed,-0.0024629949495710178,-0.003837547339498997,-0.0011469176310010736,2000,52,58
Bl57d|Br36d,15,Consolidation,probability,mean_signed,-0.0049162712590447785,-0.007040125084781939,-0.0028337325183329758,2000,52,58
Bl57d|Br36d,16,Bronchiectasis,probability,mean_signed,-7.842018686491868e-05,-0.0011749173614913062,0.0009213867787534265,2000,52,58
Bl57d|Br36d,17,Interlobular septal thickening,probability,mean_signed,-0.006915646380391614,-0.009463095102330734,-0.004511186573012124,2000,52,58
Bl57d|Br36d,0,Medical material,probability,q95_abs,0.01785149425268173,0.011224086880683895,0.021419018507003784,2000,52,58
Bl57d|Br36d,1,Arterial wall calcification,probability,q95_abs,0.025781072676181786,0.013646817207336424,0.031615464650094446,2000,52,58
Bl57d|Br36d,2,Cardiomegaly,probability,q95_abs,0.026161620020866392,0.0220983624458313,0.04054378867149347,2000,52,58
Bl57d|Br36d,3,Pericardial effusion,probability,q95_abs,0.02142601609230041,0.017379111051559447,0.029674863815307595,2000,52,58
Bl57d|Br36d,4,Coronary artery wall calcification,probability,q95_abs,0.026464058458805083,0.014934659004211426,0.031653589010238625,2000,52,58
Bl57d|Br36d,5,Hiatal hernia,probability,q95_abs,0.009974561631679531,0.004854321479797363,0.015572327375411966,2000,52,58
Bl57d|Br36d,6,Lymphadenopathy,probability,q95_abs,0.01844510436058044,0.013163642436265945,0.023355579376220684,2000,52,58
Bl57d|Br36d,7,Emphysema,probability,q95_abs,0.010311660170555114,0.00716171264648436,0.02096351981163023,2000,52,58
Bl57d|Br36d,8,Atelectasis,probability,q95_abs,0.015330541133880615,0.008898476064205161,0.016480008214712124,2000,52,58
Bl57d|Br36d,9,Lung nodule,probability,q95_abs,0.007783171534538269,0.006414457671344278,0.008002936840057373,2000,52,58
Bl57d|Br36d,10,Lung opacity,probability,q95_abs,0.012618207931518553,0.010277509689331055,0.016743428260087952,2000,52,58
Bl57d|Br36d,11,Pulmonary fibrotic sequela,probability,q95_abs,0.006308844685554505,0.0045740604400634766,0.008128359913825989,2000,52,58
Bl57d|Br36d,12,Pleural effusion,probability,q95_abs,0.0374683603644371,0.02754848502576351,0.047468333207070765,2000,52,58
Bl57d|Br36d,13,Mosaic attenuation pattern,probability,q95_abs,0.015773671865463256,0.01327322147786617,0.02434806525707245,2000,52,58
Bl57d|Br36d,14,Peribronchial thickening,probability,q95_abs,0.010578370094299315,0.008925110101699829,0.017727053165435765,2000,52,58
Bl57d|Br36d,15,Consolidation,probability,q95_abs,0.018574623763561244,0.015962958335876465,0.021938669681549068,2000,52,58
Bl57d|Br36d,16,Bronchiectasis,probability,q95_abs,0.006556221842765807,0.005147755369544029,0.010853391885757417,2000,52,58
Bl57d|Br36d,17,Interlobular septal thickening,probability,q95_abs,0.026346457004547113,0.0184776708483696,0.0313451117277145,2000,52,58
Bl57d|Br36d,0,Medical material,logit,median_signed,-0.003270827436757273,-0.011716332135865815,0.0018880980370615807,2000,52,58
Bl57d|Br36d,1,Arterial wall calcification,logit,median_signed,-0.0004987092259925163,-0.01059335771460923,0.002699764815362604,2000,52,58
Bl57d|Br36d,2,Cardiomegaly,logit,median_signed,-0.007441781582279178,-0.025109108043694706,-0.004232293016323663,2000,52,58
Bl57d|Br36d,3,Pericardial effusion,logit,median_signed,-0.013816350451482856,-0.021997010993082024,-0.00366348493704294,2000,52,58
Bl57d|Br36d,4,Coronary artery wall calcification,logit,median_signed,-0.0018574197292243189,-0.011612154795604844,0.0013746138025887977,2000,52,58
Bl57d|Br36d,5,Hiatal hernia,logit,median_signed,0.004999836549818927,0.0011049637436835703,0.008566706102613342,2000,52,58
Bl57d|Br36d,6,Lymphadenopathy,logit,median_signed,-0.006764036832350606,-0.012078903335257352,-0.0022793054614940744,2000,52,58
Bl57d|Br36d,7,Emphysema,logit,median_signed,-0.0030634371479930575,-0.0066126506857353,0.0020920410420579502,2000,52,58
Bl57d|Br36d,8,Atelectasis,logit,median_signed,-0.002317851232110424,-0.00836875692140935,-0.001017153465357665,2000,52,58
Bl57d|Br36d,9,Lung nodule,logit,median_signed,0.006988323078919795,0.002790655672803573,0.014720111274310069,2000,52,58
Bl57d|Br36d,10,Lung opacity,logit,median_signed,-0.005284526541590742,-0.01026257883235245,-0.001937235929320713,2000,52,58
Bl57d|Br36d,11,Pulmonary fibrotic sequela,logit,median_signed,0.0017800113174892829,-0.0018288391599371994,0.007145036460448478,2000,52,58
Bl57d|Br36d,12,Pleural effusion,logit,median_signed,-0.025258436458244216,-0.03799014612015145,-0.007766379363639164,2000,52,58
Bl57d|Br36d,13,Mosaic attenuation pattern,logit,median_signed,-0.007562306897797411,-0.011866919215022531,-0.004532826815941027,2000,52,58
Bl57d|Br36d,14,Peribronchial thickening,logit,median_signed,-0.005493087039112082,-0.00827601864935764,-0.0033219410465847865,2000,52,58
Bl57d|Br36d,15,Consolidation,logit,median_signed,-0.006515637381400818,-0.02234729669583646,-0.0018306681043872008,2000,52,58
Bl57d|Br36d,16,Bronchiectasis,logit,median_signed,-0.0014264531618403964,-0.00396383397584632,0.0030374751550675885,2000,52,58
Bl57d|Br36d,17,Interlobular septal thickening,logit,median_signed,-0.01166139798979518,-0.02580313715335375,-0.0031228287062278204,2000,52,58
Bl57d|Br36d,0,Medical material,logit,mean_signed,-0.009424511032636895,-0.016666896740975764,-0.0025874387627610033,2000,52,58
Bl57d|Br36d,1,Arterial wall calcification,logit,mean_signed,-0.010580081843031811,-0.021016675122057196,8.056412040384481e-05,2000,52,58
Bl57d|Br36d,2,Cardiomegaly,logit,mean_signed,-0.02875293272380139,-0.04221800045745201,-0.015763691383822234,2000,52,58
Bl57d|Br36d,3,Pericardial effusion,logit,mean_signed,-0.02433590360808298,-0.03432944325578326,-0.014702134405549143,2000,52,58
Bl57d|Br36d,4,Coronary artery wall calcification,logit,mean_signed,-0.012164111034996924,-0.022957778289221284,-0.001358187209035326,2000,52,58
Bl57d|Br36d,5,Hiatal hernia,logit,mean_signed,0.004202618861070011,-0.0005603897744177042,0.009072117129079784,2000,52,58
Bl57d|Br36d,6,Lymphadenopathy,logit,mean_signed,-0.01672938432833607,-0.024798801586824657,-0.00921393829589826,2000,52,58
Bl57d|Br36d,7,Emphysema,logit,mean_signed,-0.0034911096011612116,-0.00947847565273571,0.0026456670477025736,2000,52,58
Bl57d|Br36d,8,Atelectasis,logit,mean_signed,-0.01080623107457239,-0.01677265792611752,-0.0049008525502128725,2000,52,58
Bl57d|Br36d,9,Lung nodule,logit,mean_signed,0.010008782624461292,0.006962238245526952,0.012998028595771881,2000,52,58
Bl57d|Br36d,10,Lung opacity,logit,mean_signed,-0.01286018701888478,-0.018669308029491762,-0.007186074256202595,2000,52,58
Bl57d|Br36d,11,Pulmonary fibrotic sequela,logit,mean_signed,0.0030081911009615645,-6.890570652995611e-05,0.006464137148258832,2000,52,58
Bl57d|Br36d,12,Pleural effusion,logit,mean_signed,-0.04198202160113523,-0.05709282487672155,-0.02728268025168588,2000,52,58
Bl57d|Br36d,13,Mosaic attenuation pattern,logit,mean_signed,-0.01727630641429914,-0.02543431590554001,-0.009603725632481432,2000,52,58
Bl57d|Br36d,14,Peribronchial thickening,logit,mean_signed,-0.010004174342463916,-0.015562717415958964,-0.004700939005895329,2000,52,58
Bl57d|Br36d,15,Consolidation,logit,mean_signed,-0.019834319238905662,-0.02842220220392115,-0.011453046125709795,2000,52,58
Bl57d|Br36d,16,Bronchiectasis,logit,mean_signed,-0.00029964031761992553,-0.004689390304736339,0.0037097588623647626,2000,52,58
Bl57d|Br36d,17,Interlobular septal thickening,logit,mean_signed,-0.027824212734830087,-0.03805149049889159,-0.018170051781687523,2000,52,58
Bl57d|Br36d,0,Medical material,logit,q95_abs,0.07175051598947478,0.04532066756532133,0.08592142126923581,2000,52,58
Bl57d|Br36d,1,Arterial wall calcification,logit,q95_abs,0.10402947441804261,0.05606978583257056,0.12781511875348142,2000,52,58
Bl57d|Br36d,2,Cardiomegaly,logit,q95_abs,0.10547049114006606,0.08989620629669792,0.16259025605307798,2000,52,58
Bl57d|Br36d,3,Pericardial effusion,logit,q95_abs,0.0874826976084581,0.07114635163906279,0.12249297898774798,2000,52,58
Bl57d|Br36d,4,Coronary artery wall calcification,logit,q95_abs,0.10681283672633075,0.06074921702085209,0.12858909430779691,2000,52,58
Bl57d|Br36d,5,Hiatal hernia,logit,q95_abs,0.04001935569219159,0.019417489976776385,0.062399418769209666,2000,52,58
Bl57d|Br36d,6,Lymphadenopathy,logit,q95_abs,0.073802085197301,0.05317737805591389,0.09434084109385885,2000,52,58
Bl57d|Br36d,7,Emphysema,logit,q95_abs,0.04125936836485023,0.02878394415625334,0.08399678347413438,2000,52,58
Bl57d|Br36d,8,Atelectasis,logit,q95_abs,0.06189263860908275,0.03597455901959953,0.06636765721943921,2000,52,58
Bl57d|Br36d,9,Lung nodule,logit,q95_abs,0.0311795391174562,0.025710181502218744,0.032033534978813935,2000,52,58
Bl57d|Br36d,10,Lung opacity,logit,q95_abs,0.050625768384596447,0.04120563594126299,0.06698625991376113,2000,52,58
Bl57d|Br36d,11,Pulmonary fibrotic sequela,logit,q95_abs,0.02539986630311485,0.018395290055644775,0.03256936312906899,2000,52,58
Bl57d|Br36d,12,Pleural effusion,logit,q95_abs,0.15028946911861818,0.11122198642171412,0.19546566189652095,2000,52,58
Bl57d|Br36d,13,Mosaic attenuation pattern,logit,q95_abs,0.06330570362391617,0.05416251416929324,0.09837718282482057,2000,52,58
Bl57d|Br36d,14,Peribronchial thickening,logit,q95_abs,0.043071125615813693,0.03620459556690894,0.07154970136434724,2000,52,58
Bl57d|Br36d,15,Consolidation,logit,q95_abs,0.07441407461235788,0.06396881027484738,0.08807288230722486,2000,52,58
Bl57d|Br36d,16,Bronchiectasis,logit,q95_abs,0.02634414148160165,0.02074581015158348,0.04353758558185172,2000,52,58
Bl57d|Br36d,17,Interlobular septal thickening,logit,q95_abs,0.10619751256536898,0.0739922766876262,0.12561992934770772,2000,52,58
